6,1614
6,1663
6,728
6,1932
6,1999
6,2171
6,155
6,1761
6,256
6,1892
6,1541
6,840
6,1172
6,948
6,2040
6,858
6,609
6,316
6,380
6,941
6,19
6,1850
6,2295
6,367
6,138
6,2261
6,1697
6,2117
6,593
6,1928
6,625
6,1856
6,1087
6,1863
6,148
6,1106
6,1240
6,540
6,1853
6,872
6,447
6,1785
6,1108
6,1644
6,794
6,573
6,1030
6,1877
6,525
6,1791
6,1392
6,1543
6,872
6,1227
6,1368
6,1172
6,956
6,2247
6,2099
6,2305
6,1237
6,1773
6,2014
6,127
6,2150
6,573
6,1831
6,2318
6,1353
6,43
6,527
6,472
6,90
6,1004
6,1165
6,1068
6,1464
6,1657
6,828
6,1962
6,479
6,1332
6,2000
6,1462
6,1016
6,266
6,1229
6,36
6,2033
6,1989
6,38
6,2173
6,2012
6,860
6,1252
6,544
6,156
6,1893
6,1220
6,417
6,1469
6,2120
6,897
6,506
6,1786
6,1783
6,1576
6,1957
6,75
6,2003
6,1957
6,1467
6,1744
6,1055
6,363
6,699
6,1940
6,36
6,1230
6,285
6,90
6,1792
6,1570
6,274
6,405
6,2178
6,1742
6,948
6,1462
6,182
6,1371
6,1129
6,2013
6,666
6,890
6,237
6,827
6,1273
6,1181
6,332
6,1880
6,382
6,1688
6,670
6,2025
6,743
6,2014
6,1466
6,986
6,1586
6,291
6,1189
6,786
6,302
6,2216
6,222
6,1066
6,557
6,1219
6,2064
6,1655
6,683
6,1210
6,1128
6,975
6,1456
6,127
6,954
6,2186
6,1731
6,2262
6,613
6,1238
6,1600
6,1213
6,618
6,1037
6,616
6,1299
6,1395
6,2143
6,391
6,1120
6,146
6,1723
6,561
6,1605
6,246
6,297
6,1344
6,1285
6,129
6,1215
6,1860
6,1435
6,1883
6,667
6,1748
6,1256
6,2342
6,242
6,1429
6,250
6,1717
6,1187
6,804
6,1684
6,1095
6,2277
6,207
6,2193
6,1051
6,1116
6,2127
6,108
6,708
6,936
6,803
6,590
6,675
6,100
6,1532
6,495
6,321
6,59
6,1108
6,1913
6,529
6,525
6,1389
6,1125
6,1617
6,1791
6,2306
6,905
6,1028
6,2016
6,1098
6,2205
6,263
6,1483
6,439
6,1512
6,1177
6,1647
6,1355
6,1954
6,245
6,147
6,1302
6,1787
6,790
6,1762
6,151
6,146
6,610
6,1864
6,1543
6,91
6,738
6,2167
6,2251
6,125
6,1867
6,1191
6,595
6,704
6,895
6,962
6,1575
6,1862
6,304
6,2178
6,154
6,990
6,780
6,1826
6,447
6,1038
6,37
6,222
6,1828
6,1683
6,515
6,2105
6,2086
6,1986
6,2343
6,1372
6,1782
6,852
6,1706
6,49
6,1444
6,758
6,386
6,82
6,1446
6,1356
6,240
6,237
6,1566
6,892
6,768
6,2023
6,1338
6,2268
6,2122
6,799
6,131
6,801
6,93
6,1091
6,2068
6,1078
6,891
6,1941
6,932
6,2203
6,839
6,1597
6,1335
6,488
6,992
6,166
6,1603
6,1480
6,909
6,624
6,343
6,1774
6,1939
6,605
6,1339
6,1240
6,1166
6,106
6,1415
6,2251
6,1328
6,415
6,1447
6,1690
6,434
6,215
6,1943
6,585
6,1003
6,2004
6,1635
6,1210
6,2282
6,1474
6,1682
6,699
6,1189
6,46
6,45
6,1081
6,780
6,1382
6,530
6,27
6,964
6,1619
6,933
6,1459
6,2147
6,219
6,44
6,474
6,451
6,808
6,979
6,1854
6,785
6,67
6,229
6,468
6,1734
6,902
6,221
6,708
6,584
6,1637
6,2274
6,287
6,408
6,1988
6,1519
6,1429
6,551
6,1298
6,1094
6,1290
6,2153
6,1186
6,1718
6,32
6,1644
6,43
6,1428
6,1625
6,2334
6,1321
6,434
6,2209
6,1049
6,1763
6,2200
6,1657
6,1473
6,169
6,667
6,78
6,1784
6,1776
6,548
6,1391
6,845
6,257
6,1763
6,1505
6,139
6,1629
6,1871
6,7
6,2036
6,1520
6,1236
6,1819
6,2106
6,902
6,225
6,1472
6,2138
6,559
6,1478
6,1845
6,1050
6,845
6,2270
6,1598
6,734
6,1030
6,1520
6,1947
6,240
6,1099
6,788
6,1823
6,563
6,170
6,1191
6,2036
6,33
6,903
6,1020
6,475
6,1726
6,1432
6,1238
6,110
6,1585
6,2288
6,1573
6,2130
6,2065
6,1343
6,530
6,407
6,191
6,176
6,1176
6,691
6,2125
6,1694
6,2244
6,430
6,1346
6,271
6,338
6,1443
6,1805
6,1460
6,865
6,1322
6,1955
6,390
6,1017
6,1420
6,1765
6,786
6,1149
6,2050
6,1257
6,2075
6,2266
6,180
6,2338
6,1064
6,2278
6,1993
6,1418
6,1367
6,2301
6,2096
6,330
6,273
6,2296
6,2175
6,1550
6,2320
6,719
6,210
6,294
6,41
6,200
6,209
6,1577
6,2331
6,1457
6,704
6,1821
6,507
6,1671
6,688
6,150
6,2096
6,155
6,2245
6,267
6,891
6,1682
6,1067
6,1171
6,2157
6,399
6,842
6,1330
6,1848
6,2238
6,458
6,2197
6,1317
6,1964
6,1567
6,35
6,154
6,1909
6,378
6,1901
6,700
6,710
6,254
6,2236
6,55
6,632
6,2340
6,633
6,2007
6,689
6,235
6,500
6,392
6,1137
6,101
6,46
6,700
6,2091
6,2323
6,507
6,1492
6,913
6,1956
6,973
6,2027
6,2093
6,1776
6,2252
6,307
6,1605
6,33
6,337
6,1051
6,1613
6,1698
6,610
6,1108
6,1995
6,569
6,1856
6,1717
6,353
6,1579
6,453
6,828
6,1749
6,1891
6,225
6,1
6,1761
6,83
6,1922
6,1254
6,869
6,1479
6,1959
6,2276
6,1717
6,2286
6,843
6,1294
6,401
6,2057
6,10
6,1171
6,975
6,301
6,1539
6,2281
6,83
6,325
6,2342
6,486
6,1425
6,911
6,431
6,1374
6,137
6,1367
6,231
6,2338
6,1270
6,1316
6,1087
6,1080
6,662
6,1625
6,2188
6,364
6,105
6,864
6,1592
6,2202
6,1276
6,177
6,260
6,2188
6,319
6,1458
6,274
6,432
6,998
6,317
6,986
6,651
6,267
6,530
6,645
6,1635
6,2092
6,590
6,853
6,1385
6,1236
6,1878
6,2288
6,2267
6,1639
6,1463
6,2175
6,727
6,1649
6,675
6,1651
6,907
6,2093
6,1760
6,1291
6,942
6,387
6,1107
6,1310
6,1103
6,1521
6,2341
6,413
6,1466
6,288
6,966
6,3
6,1390
6,565
6,1659
6,1706
6,947
6,2015
6,857
6,1194
6,1609
6,2053
6,1843
6,97
6,2262
6,1925
6,1192
6,2154
6,986
6,2010
6,460
6,45
6,781
6,574
6,767
6,630
6,46
6,879
6,2176
6,1110
6,1791
6,348
6,917
6,103
6,2151
6,407
6,33
6,1719
6,1822
6,1547
6,1440
6,578
6,1400
6,889
6,1511
6,275
6,126
6,1001
6,938
6,1328
6,2031
6,1726
6,1022
6,1815
6,2212
6,1588
6,1234
6,241
6,1262
6,1593
6,1117
6,1424
6,306
6,253
6,1746
6,578
6,1888
6,969
6,2082
6,1694
6,1876
6,1810
6,390
6,2215
6,1592
6,224
6,332
6,131
6,1106
6,1113
6,1139
6,2286
6,782
6,439
6,799
6,1900
6,805
6,262
6,1129
6,774
6,1862
6,1513
6,1323
6,2208
6,1743
6,2130
6,866
6,2255
6,318
6,1114
6,1062
6,453
6,455
6,2305
6,461
6,308
6,1557
6,1390
6,1978
6,1200
6,1768
6,350
6,966
6,1556
6,9
6,891
6,714
6,1743
6,836
6,219
6,1131
6,2293
6,1902
6,729
6,309
6,815
6,383
6,1687
6,1203
6,1316
6,670
6,1589
6,1096
6,1729
6,781
6,1371
6,850
6,1009
6,1833
6,1604
6,1672
6,137
6,1858
6,1573
6,1275
6,203
6,1543
6,975
6,1855
6,1056
6,658
6,440
6,2059
6,1998
6,378
6,1700
6,5
6,879
6,2227
6,2170
6,534
6,658
6,867
6,1451
6,586
6,695
6,2015
6,536
6,1781
6,572
6,1117
6,1123
6,557
6,2013
6,2020
6,1017
6,2328
6,1281
6,1092
6,2169
6,192
6,1255
6,1586
6,1001
6,43
6,860
6,963
6,2311
6,916
6,1932
6,716
6,1036
6,586
6,2132
6,1407
6,291
6,1321
6,2194
6,812
6,1706
6,2145
6,1200
6,611
6,1476
6,1569
6,888
6,1737
6,1574
6,894
6,1225
6,2315
6,1830
6,1090
6,2292
6,1575
6,433
6,1412
6,1626
6,637
6,2327
6,323
6,975
6,413
6,719
6,35
6,1479
6,192
6,614
6,1434
6,1389
6,631
6,258
6,712
6,130
6,1714
6,1140
6,269
6,283
6,887
6,1057
6,1747
6,1579
6,1311
6,1869
6,1669
6,267
6,2266
6,667
6,500
6,2199
6,1526
6,935
6,1785
6,345
6,1740
6,663
6,1508
6,956
6,794
6,605
6,937
6,527
6,1829
6,1095
6,2073
6,2179
6,234
6,1602
6,1074
6,1817
6,1255
6,619
6,849
6,389
6,1936
6,2108
6,1898
6,123
6,256
6,740
6,610
6,2336
6,766
6,435
6,109
6,354
6,2204
6,2002
6,2131
6,134
6,1219
6,1693
6,1471
6,684
6,1951
6,178
6,233
6,1293
6,580
6,1610
6,2109
6,261
6,4
6,601
6,1957
6,2326
6,821
6,2145
6,1939
6,898
6,12
6,908
6,861
6,21
6,1321
6,902
6,1112
6,1237
6,2151
6,1441
6,628
6,1462
6,920
6,1229
6,2078
6,1412
6,1946
6,761
6,1347
6,523
6,206
6,1727
6,1486
6,1085
6,405
6,128
6,944
6,366
6,745
6,118
6,1563
6,20
6,782
6,1980
6,491
6,1327
6,563
6,856
6,1764
6,242
6,1180
6,2226
6,1228
6,135
6,1888
6,942
6,1152
6,1128
6,1685
6,702
6,1062
6,1894
6,553
6,1621
6,1524
6,1953
6,709
6,1953
6,1985
6,311
6,2197
6,536
6,1896
6,287
6,1830
6,1131
6,2253
6,1861
6,381
6,2122
6,715
6,343
6,1386
6,1986
6,2079
6,469
6,617
6,2204
6,495
6,791
6,565
6,1134
6,360
6,2250
6,912
6,1678
6,601
6,2150
6,2170
6,1436
6,190
6,2239
6,2060
6,208
6,873
6,2189
6,1322
6,463
6,387
6,313
6,128
6,642
6,1234
6,1438
6,19
6,1304
6,340
6,1988
6,1220
6,1910
6,1440
6,789
6,1798
6,2119
6,919
6,1644
6,2175
6,139
6,876
6,1732
6,2167
6,1558
6,712
6,2324
6,1381
6,1637
6,827
6,1324
6,2243
6,1477
6,815
6,1663
6,691
6,711
6,1152
6,1801
6,2077
6,1983
6,477
6,2161
6,2312
6,757
6,2015
6,21
6,48
6,1252
6,1984
6,532
6,1590
6,1287
6,1777
6,119
6,1165
6,415
6,1738
6,1072
6,26
6,2099
6,1530
6,1994
6,293
6,2100
6,92
6,2147
6,987
6,2050
6,2085
6,2065
6,33
6,350
6,2295
6,1572
6,1212
6,2322
6,695
6,2060
6,297
6,2101
6,277
6,2067
6,2001
6,676
6,755
6,1591
6,1796
6,1406
6,1147
6,2298
6,414
6,1074
6,279
6,601
6,815
6,151
6,756
6,1372
6,1937
6,1780
6,752
6,2146
6,1166
6,786
6,1388
6,1367
6,38
6,2264
6,791
6,1123
6,1337
6,202
6,1725
6,2159
6,166
6,1038
6,601
6,2320
6,2150
6,504
6,1449
6,820
6,2333
6,111
6,505
6,2065
6,71
6,2076
6,733
6,799
6,2259
6,154
6,1705
6,475
6,1638
6,392
6,1112
6,1513
6,1111
6,397
6,24
6,282
6,1434
6,1833
6,533
6,2337
6,2161
6,521
6,1679
6,873
6,2275
6,1035
6,587
6,1824
6,1149
6,2232
6,270
6,450
6,2292
6,1758
6,350
6,1626
6,1802
6,119
6,869
6,1935
6,774
6,1393
6,1778
6,1444
6,1929
6,1861
6,341
6,1986
6,1232
6,954
6,1829
6,719
6,1458
6,1732
6,844
6,1343
6,1789
6,2065
6,491
6,1134
6,1997
6,1826
6,2054
6,170
6,2268
6,1087
6,682
6,1101
6,735
6,1689
6,2299
6,391
6,114
6,1750
6,241
6,576
6,1074
6,778
6,336
6,1878
6,802
6,1064
6,138
6,1625
6,1937
6,1890
6,1957
6,2107
6,453
6,232
6,1886
6,1070
6,1023
6,521
6,1427
6,493
6,1062
6,304
6,1047
6,1025
6,697
6,1816
6,1873
6,2168
6,2339
6,1676
6,267
6,1888
6,1077
6,961
6,1332
6,1989
6,1045
6,980
6,1578
6,593
6,335
6,786
6,888
6,314
6,311
6,1122
6,156
6,1797
6,1248
6,613
6,2246
6,2249
6,2174
6,361
6,1655
6,1324
6,744
6,1808
6,1502
6,735
6,2336
6,102
6,1721
6,1312
6,367
6,612
6,1088
6,300
6,30
6,648
6,964
6,395
6,520
6,1210
6,2
6,1597
6,1544
6,1212
6,2186
6,1298
6,1789
6,1081
6,772
6,53
6,752
6,2300
6,584
6,1689
6,999
6,732
6,863
6,1863
6,1442
6,1169
6,1556
6,241
6,1922
6,2227
6,1442
6,2197
6,38
6,873
6,749
6,1395
6,109
6,959
6,530
6,613
6,1181
6,1793
6,470
6,1795
6,930
6,1349
6,1695
6,629
6,2049
6,228
6,1076
6,1008
6,1138
6,695
6,109
6,329
6,331
6,553
6,1233
6,421
6,247
6,80
6,1860
6,295
6,665
6,1368
6,2300
6,644
6,1373
6,708
6,350
6,1732
6,2287
6,27
6,1066
6,1805
6,423
6,381
6,2044
6,1775
6,2232
6,1920
6,2209
6,1369
6,179
6,1031
6,317
6,786
6,1896
6,592
6,721
6,1647
6,1878
6,2081
6,1600
6,2191
6,718
6,107
6,2200
6,779
6,1252
6,215
6,161
6,1461
6,2032
6,178
6,2234
6,1809
6,652
6,1443
6,1835
6,80
6,1858
6,1317
6,1170
6,1241
6,1744
6,1743
6,596
6,248
6,683
6,1130
6,817
6,721
6,802
6,358
6,2296
6,2132
6,2138
6,1515
6,1588
6,1203
6,2239
6,851
6,789
6,989
6,2099
6,192
6,1557
6,1848
6,1559
6,2008
6,1908
6,728
6,220
6,1126
6,601
6,658
6,2079
6,1867
6,1536
6,805
6,591
6,527
6,847
6,824
6,459
6,1755
6,2292
6,2294
6,1888
6,15
6,1145
6,249
6,1009
6,1376
6,193
6,1065
6,1173
6,1713
6,781
6,429
6,1054
6,1883
6,322
6,624
6,1903
6,2215
6,878
6,87
6,1755
6,1552
6,907
6,2047
6,1081
6,202
6,75
6,851
6,1079
6,1008
6,2341
6,1893
6,984
6,2288
6,369
6,1831
6,16
6,867
6,998
6,305
6,1477
6,1274
6,1032
6,794
6,640
6,240
6,1220
6,2262
6,219
6,1252
6,1722
6,1320
6,1734
6,407
6,297
6,1704
6,981
6,256
6,805
6,199
6,1919
6,352
6,564
6,1451
6,681
6,697
6,1210
6,2299
6,221
6,521
6,258
6,1287
6,1946
6,2005
6,725
6,1404
6,1616
6,944
6,195
6,1945
6,2216
6,2156
6,1672
6,1033
6,435
6,1637
6,92
6,1028
6,1343
6,1141
6,1324
6,1585
6,1997
6,181
6,1871
6,1915
6,1222
6,165
6,1573
6,2064
6,2298
6,662
6,2225
6,2313
6,644
6,1820
6,1084
6,1389
6,244
6,733
6,829
6,348
6,1232
6,733
6,1600
6,324
6,288
6,1832
6,183
6,2132
6,2295
6,878
6,920
6,727
6,607
6,503
6,2110
6,1653
6,1713
6,1615
6,801
6,1774
6,459
6,1417
6,2177
6,573
6,2267
6,1968
6,795
6,347
6,1180
6,1109
6,1029
6,186
6,567
6,550
6,1366
6,1793
6,123
6,985
6,104
6,581
6,1528
6,1789
6,1481
6,1822
6,2099
6,103
6,474
6,169
6,1807
6,448
6,4
6,134
6,1426
6,381
6,662
6,2115
6,59
6,409
6,108
6,2277
6,14
6,1775
6,1594
6,1245
6,805
6,371
6,809
6,1655
6,1842
6,1981
6,347
6,1228
6,1287
6,561
6,662
6,1863
6,1490
6,868
6,345
6,71
6,1566
6,1206
6,12
6,161
6,1484
6,1067
6,1474
6,1053
6,1651
6,992
6,1823
6,835
6,275
6,950
6,80
6,259
6,381
6,48
6,1946
6,894
6,829
6,1764
6,1165
6,361
6,711
6,1136
6,1777
6,1550
6,1394
6,1654
6,2209
6,1348
6,1190
6,171
6,1162
6,744
6,963
6,523
6,1407
6,948
6,182
6,1120
6,343
6,599
6,1479
6,881
6,1483
6,490
6,55
6,1960
6,2189
6,1068
6,120
6,780
6,1480
6,400
6,1760
6,684
6,567
6,1823
6,399
6,810
6,1501
6,2287
6,252
6,2308
6,296
6,1122
6,304
6,2330
6,2019
6,2214
6,2190
6,1730
6,1552
6,226
6,1952
6,1039
6,2323
6,904
6,158
6,758
6,81
6,2112
6,1072
6,1141
6,818
6,2082
6,485
6,1706
6,2153
6,2003
6,852
6,960
6,912
6,782
6,1110
6,1612
6,1602
6,1719
6,1683
6,2133
6,160
6,1499
6,1185
6,2325
6,1369
6,1933
6,1752
6,726
6,613
6,1027
6,1804
6,661
6,975
6,353
6,1015
6,1234
6,414
6,1708
6,183
6,1325
6,1561
6,752
6,1419
6,1343
6,889
6,990
6,904
6,665
6,2013
6,140
6,872
6,68
6,264
6,845
6,1900
6,1724
6,1975
6,1730
6,294
6,1391
6,92
6,2119
6,1560
6,1266
6,940
6,1012
6,1650
6,2127
6,472
6,1553
6,600
6,411
6,1343
6,422
6,1230
6,2102
6,243
6,1283
6,64
6,1278
6,556
6,15
6,1492
6,241
6,2174
6,2126
6,1567
6,1695
6,1311
6,1193
6,545
6,2188
6,775
6,1325
6,1081
6,1577
6,1154
6,774
6,2094
6,1380
6,677
6,1245
6,1195
6,2184
6,71
6,1371
6,945
6,1192
6,370
6,960
6,1321
6,599
6,657
6,2087
6,978
6,2012
6,454
6,1873
6,581
6,1484
6,1364
6,1277
6,1315
6,1511
6,2059
6,741
6,2076
6,2272
6,588
6,22
6,1476
6,1529
6,2247
6,1196
6,236
6,781
6,827
6,132
6,1142
6,172
6,147
6,1522
6,2091
6,1076
6,1648
6,1033
6,1838
6,19
6,926
6,482
6,1706
6,83
6,2028
6,997
6,1058
6,468
6,1359
6,1094
6,133
6,1969
6,49
6,1182
6,600
6,1348
6,516
6,112
6,398
6,554
6,996
6,983
6,976
6,351
6,2078
6,2061
6,1724
6,1699
6,329
6,707
6,1778
6,439
6,1652
6,501
6,1847
6,649
6,707
6,213
6,1200
6,1213
6,1145
6,1116
6,1148
6,959
6,561
6,1441
6,1548
6,1977
6,1861
6,862
6,2027
6,790
6,1791
6,2208
6,1791
6,1531
6,173
6,1385
6,1344
6,1998
6,2332
6,2248
6,1085
6,2257
6,182
6,1896
6,1478
6,520
6,2197
6,582
6,1301
6,1846
6,1119
6,999
6,1262
6,760
6,1768
6,739
6,1631
6,1807
6,18
6,336
6,1930
6,228
6,2323
6,2151
6,1494
6,587
6,1913
6,59
6,200
6,1933
6,1449
6,1043
6,1303
6,2219
6,1044
6,1732
6,1405
6,722
6,1118
6,605
6,675
6,1365
6,357
6,555
6,1323
6,2307
6,47
6,956
6,1711
6,1686
6,1090
6,743
6,105
6,528
6,1872
6,598
6,643
6,358
6,654
6,181
6,259
6,708
6,1066
6,240
6,629
6,1654
6,1128
6,967
6,2338
6,889
6,336
6,1695
6,345
6,1120
6,2219
6,888
6,277
6,1024
6,899
6,756
6,21
6,965
6,968
6,2146
6,1758
6,1971
6,1609
6,92
6,893
6,1171
6,1034
6,772
6,934
6,110
6,674
6,644
6,1571
6,515
6,1967
6,322
6,1937
6,400
6,441
6,1877
6,1089
6,1837
6,346
6,1155
6,1001
6,853
6,1215
6,1654
6,1325
6,1587
6,302
6,134
6,455
6,367
6,473
6,953
6,1840
6,1581
6,2080
6,1292
6,2205
6,771
6,1973
6,424
6,2001
6,2054
6,2205
6,1656
6,1189
6,1782
6,123
6,1866
6,311
6,689
6,1198
6,749
6,1883
6,1436
6,1702
6,89
6,1075
6,1314
6,2024
6,521
6,728
6,2191
6,1187
6,143
6,1176
6,973
6,1015
6,866
6,1667
6,2232
6,1529
6,708
6,814
6,1328
6,2222
6,1606
6,295
6,79
6,162
6,2237
6,2294
6,331
6,805
6,941
6,1728
6,1282
6,1905
6,1515
6,373
6,222
6,1400
6,915
6,1625
6,665
6,523
6,2299
6,465
6,832
6,254
6,991
6,1172
6,2023
6,637
6,866
6,925
6,1729
6,634
6,652
6,1978
6,197
6,478
6,1190
6,2059
6,178
6,349
6,2007
6,766
6,2105
6,1791
6,2314
6,130
6,1408
6,2124
6,166
6,1531
6,1168
6,741
6,398
6,2344
6,2171
6,939
6,620
6,283
6,2048
6,1489
6,1429
6,2045
6,1603
6,902
6,2280
6,1131
6,1624
6,1620
6,769
6,2054
6,226
6,553
6,516
6,855
6,1439
6,686
6,1468
6,701
6,1637
6,1296
6,1691
6,953
6,2158
6,1896
6,300
6,1394
6,1460
6,87
6,394
6,1745
6,1327
6,206
6,1028
6,520
6,491
6,330
6,941
6,2038
6,314
6,366
6,1462
6,2032
6,882
6,1760
6,1857
6,1549
6,548
6,777
6,1024
6,724
6,566
6,905
6,387
6,1300
6,2089
6,2014
6,847
6,627
6,1281
6,538
6,664
6,2061
6,128
6,95
6,1836
6,1225
6,422
6,1327
6,268
6,1999
6,1549
6,1430
6,323
6,2310
6,1956
6,1838
6,2129
6,1864
6,1393
6,499
6,479
6,337
6,1368
6,2216
6,378
6,2317
6,1346
6,183
6,2294
6,1701
6,930
6,1876
6,434
6,2320
6,1973
6,2247
6,658
6,1768
6,639
6,1029
6,579
6,1599
6,1380
6,2037
6,2033
6,1974
6,1374
6,2099
6,160
6,783
6,758
6,746
6,1614
6,1105
6,877
6,1243
6,1688
6,2070
6,2182
6,861
6,1213
6,881
6,617
6,1064
6,525
6,1843
6,1382
6,1756
6,967
6,1394
6,800
6,1226
6,1205
6,282
6,82
6,2160
6,1179
6,1365
6,2011
6,1496
6,1202
6,1210
6,1343
6,900
6,2306
6,204
6,1516
6,2310
6,1838
6,8
6,1862
6,1633
6,284
6,1457
6,1976
6,1169
6,67
6,756
6,1935
6,1451
6,1866
6,1610
6,903
6,2048
6,57
6,1956
6,2229
6,619
6,64
6,1373
6,609
6,1753
6,1390
6,2041
6,1807
6,225
6,1615
6,1468
6,420
6,1334
6,362
6,263
6,136
6,708
6,1808
6,1219
6,1804
6,2130
6,907
6,1208
6,265
6,528
6,821
6,501
6,1382
6,1110
6,141
6,171
6,146
6,815
6,1773
6,127
6,2174
6,1072
6,4
6,1060
6,1300
6,158
6,344
6,355
6,2164
6,1088
6,891
6,1404
6,378
6,90
6,584
6,935
6,1219
6,647
6,2011
6,2302
6,2174
6,1175
6,1003
6,1195
6,1937
6,1407
6,1559
6,279
6,239
6,1186
6,2192
6,1032
6,943
6,764
6,110
6,1063
6,419
6,1909
6,2082
6,1176
6,1728
6,112
6,569
6,2175
6,1091
6,1499
6,2119
6,2212
6,137
6,1233
6,860
6,1876
6,724
6,497
6,543
6,1539
6,788
6,1598
6,2161
6,1423
6,2334
6,1683
6,1844
6,539
6,1121
6,2154
6,2140
6,780
6,1262
6,573
6,2314
6,539
6,479
6,721
6,2307
6,890
6,2313
6,1233
6,2161
6,1950
6,778
6,2301
6,2026
6,2301
6,1424
6,1085
6,132
6,1045
6,1451
6,423
6,561
6,93
6,471
6,1206
6,418
6,405
6,1470
6,1572
6,1708
6,1950
6,204
6,1965
6,458
6,272
6,2238
6,1514
6,308
6,2181
6,1360
6,77
6,1575
6,2243
6,1731
6,279
6,2087
6,825
6,1246
6,1356
6,121
6,104
6,1153
6,347
6,1049
6,2125
6,2339
6,386
6,1755
6,1865
6,518
6,360
6,588
6,219
6,1722
6,998
6,727
6,847
6,2229
6,1602
6,2031
6,1796
6,1695
6,1020
6,341
6,287
6,981
6,666
6,1419
6,477
6,1450
6,137
6,2337
6,491
6,1168
6,924
6,517
6,477
6,1938
6,587
6,2133
6,1949
6,1974
6,1474
6,267
6,1092
6,979
6,1964
6,835
6,287
6,2161
6,1222
6,1370
6,638
6,1094
6,228
6,1488
6,2331
6,473
6,594
6,1126
6,1988
6,1011
6,1693
6,1975
6,673
6,273
6,2142
6,1393
6,866
6,1795
6,1723
6,706
6,917
6,359
6,2334
6,357
6,1375
6,965
6,309
6,897
6,1970
6,721
6,2119
6,171
6,462
6,886
6,409
6,1803
6,123
6,2023
6,2083
6,2266
6,1859
6,616
6,1985
6,1340
6,1905
6,1421
6,1069
6,59
6,67
6,1274
6,1879
6,543
6,449
6,1828
6,63
6,743
6,623
6,644
6,133
6,498
6,1907
6,287
6,525
6,2073
6,1757
6,1006
6,1405
6,223
6,1392
6,892
6,1520
6,2102
6,2198
6,1452
6,1896
6,39
6,2199
6,92
6,1421
6,1750
6,1230
6,500
6,791
6,1024
6,2265
6,477
6,1706
6,735
6,1177
6,85
6,1120
6,990
6,1527
6,228
6,1079
6,1066
6,751
6,1852
6,1152
6,125
6,712
6,972
6,1186
6,1205
6,442
6,736
6,2266
6,591
6,803
6,2320
6,66
6,631
6,514
6,822
6,1279
6,2158
6,1229
6,2237
6,398
6,744
6,623
6,1250
6,918
6,1567
6,467
6,2323
6,1182
6,854
6,1186
6,565
6,480
6,2172
6,1667
6,550
6,1481
6,94
6,1703
6,1724
6,158
6,445
6,1277
6,2201
6,1184
6,1289
6,837
6,2297
6,1614
6,375
6,1064
6,399
6,237
6,2284
6,425
6,914
6,928
6,346
6,1703
6,498
6,1737
6,1379
6,1026
6,1181
6,231
6,1179
6,2112
6,319
6,1826
6,2213
6,1712
6,346
6,580
6,228
6,414
6,1139
6,21
6,1784
6,1543
6,1117
6,1756
6,1992
6,2303
6,1329
6,1468
6,1091
6,241
6,644
6,2170
6,1740
6,1291
6,1436
6,1473
6,847
6,2049
6,604
6,1388
6,139
6,1898
6,1571
6,1158
6,969
6,2285
6,2223
6,299
6,32
6,2063
6,1512
6,111
6,2285
6,2286
6,1094
6,312
6,457
6,1591
6,693
6,1499
6,266
6,1672
6,2270
6,514
6,2142
6,306
6,793
6,241
6,674
6,1371
6,1397
6,834
6,1577
6,2306
6,2114
6,1351
6,1331
6,94
6,840
6,975
6,11
6,1494
6,648
6,1842
6,436
6,1174
6,999
6,1692
6,569
6,1125
6,67
6,137
6,2263
6,512
6,151
6,768
6,1759
6,1373
6,1453
6,744
6,496
6,2306
6,1276
6,1575
6,488
6,188
6,251
6,851
6,193
6,465
6,1734
6,790
6,1156
6,1704
6,629
6,505
6,2225
6,1877
6,1606
6,1154
6,1745
6,1253
6,1498
6,381
6,1278
6,2270
6,1334
6,1561
6,154
6,1044
6,238
6,1812
6,411
6,1179
6,432
6,1040
6,2198
6,1789
6,1900
6,230
6,236
6,425
6,2309
6,2048
6,1301
6,1453
6,853
6,849
6,1483
6,1354
6,717
6,2252
6,7
6,1582
6,1672
6,424
6,1969
6,399
6,875
6,1127
6,2228
6,1709
6,2131
6,2318
6,632
6,1023
6,2221
6,1486
6,103
6,736
6,1351
6,1488
6,199
6,1678
6,1022
6,1520
6,1724
6,695
6,684
6,2239
6,174
6,83
6,1507
6,971
6,1961
6,1129
6,187
6,1232
6,2116
6,1763
6,886
6,2302
6,1675
6,1355
6,1543
6,1580
6,2291
6,585
6,1919
6,860
6,2315
6,1207
6,1806
6,2108
6,832
6,547
6,2083
6,115
6,1222
6,803
6,2040
6,1203
6,403
6,542
6,1473
6,1797
6,892
6,1562
6,1024
6,805
6,1973
6,1791
6,1188
6,2264
6,536
6,282
6,1182
6,805
6,214
6,2203
6,1157
6,315
6,19
6,158
6,403
6,222
6,624
6,1388
6,2006
6,732
6,2268
6,1531
6,977
6,961
6,2059
6,1876
6,20
6,395
6,2309
6,243
6,1142
6,1435
6,1774
6,913
6,1605
6,45
6,2072
6,1875
6,1734
6,696
6,1317
6,162
6,1221
6,1933
6,489
6,2066
6,1588
6,1543
6,412
6,245
6,314
6,1936
6,2303
6,796
6,2129
6,1698
6,116
6,1297
6,1698
6,861
6,808
6,1217
6,196
6,1918
6,1172
6,351
6,1553
6,450
6,1654
6,1739
6,1231
6,955
6,135
6,1363
6,2197
6,1845
6,1646
6,2172
6,2167
6,2035
6,164
6,1653
6,1844
6,1230
6,1928
6,1208
6,1137
6,1092
6,977
6,408
6,719
6,1343
6,297
6,2054
6,982
6,8
6,1706
6,357
6,1062
6,1133
6,1310
6,1743
6,1546
6,179
6,73
6,431
6,947
6,410
6,116
6,544
6,1661
6,1773
6,2095
6,1239
6,1098
6,1830
6,1661
6,690
6,2302
6,1476
6,437
6,256
6,57
6,1371
6,2264
6,873
6,1920
6,1810
6,739
6,1343
6,1176
6,2265
6,231
6,277
6,477
6,2015
6,2141
6,82
6,756
6,659
6,51
6,852
6,752
6,434
6,495
6,362
6,1613
6,1833
6,1381
6,253
6,756
6,1319
6,839
6,333
6,567
6,1564
6,1897
6,1151
6,2331
6,1842
6,29
6,1050
6,750
6,1610
6,880
6,2089
6,648
6,1984
6,913
6,316
6,937
6,812
6,936
6,1187
6,1815
6,815
6,1989
6,880
6,1544
6,1079
6,257
6,1302
6,1830
6,1320
6,435
6,699
6,116
6,869
6,1302
6,207
6,1571
6,1478
6,1936
6,2325
6,1382
6,43
6,2034
6,786
6,882
6,81
6,2154
6,1070
6,1388
6,580
6,103
6,1672
6,1755
6,1016
6,593
6,551
6,1891
6,427
6,1094
6,1696
6,2207
6,168
6,1783
6,28
6,242
6,921
6,2027
6,360
6,214
6,1715
6,1564
6,2057
6,1797
6,1550
6,2342
6,2293
6,1938
6,856
6,1385
6,1080
6,1543
6,1182
6,1189
6,1717
6,1957
6,620
6,2290
6,1396
6,1675
6,2199
6,894
6,1140
6,1363
6,210
6,1903
6,1865
6,576
6,1737
6,1543
6,1182
6,265
6,566
6,616
6,1006
6,841
6,2167
6,379
6,1021
6,1062
6,1324
6,1192
6,1611
6,1535
6,1484
6,1212
6,1544
6,970
6,440
6,1802
6,450
6,2088
6,2192
6,180
6,1270
6,1677
6,1062
6,1341
6,462
6,1557
6,581
6,2192
6,341
6,2089
6,236
6,1858
6,2167
6,597
6,1114
6,772
6,2265
6,156
6,1544
6,784
6,14
6,235
6,353
6,1831
6,2326
6,2259
6,780
6,1672
6,2310
6,2098
6,679
6,1133
6,1290
6,12
6,1534
6,1386
6,1819
6,994
6,1407
6,1230
6,554
6,2082
6,2161
6,1672
6,2042
6,1970
6,2047
6,1555
6,1235
6,107
6,997
6,2109
6,2184
6,1692
6,1940
6,1
6,1493
6,1113
6,206
6,551
6,632
6,1896
6,1808
6,2035
6,983
6,2256
6,1249
6,1111
6,2049
6,600
6,1059
6,1813
6,1877
6,950
6,1817
6,474
6,1970
6,2244
6,234
6,2221
6,2181
6,1036
6,1697
6,1227
6,1753
6,1755
6,1680
6,1120
6,627
6,619
6,1656
6,1500
6,1984
6,2195
6,583
6,47
6,402
6,1279
6,731
6,1162
6,1737
6,26
6,433
6,694
6,640
6,1698
6,2227
6,315
6,616
6,1336
6,2269
6,1336
6,1977
6,562
6,1153
6,1915
6,1624
6,575
6,1995
6,624
6,314
6,1834
6,1142
6,1887
6,1303
6,598
6,1931
6,2265
6,1344
6,419
6,1425
6,100
6,1184
6,1388
6,1626
6,2113
6,1298
6,731
6,2107
6,1545
6,656
6,438
6,1562
6,1350
6,1475
6,499
6,100
6,1888
6,738
6,1769
6,379
6,594
6,189
6,1265
6,1424
6,1355
6,1602
6,819
6,1338
6,615
6,1953
6,1355
6,635
6,764
6,939
6,682
6,246
6,1244
6,572
6,467
6,53
6,2180
6,1720
6,98
6,327
6,405
6,850
6,578
6,1217
6,1676
6,138
6,26
6,1110
6,240
6,1558
6,1959
6,1697
6,2329
6,256
6,430
6,1167
6,2014
6,1737
6,116
6,1225
6,163
6,632
6,1100
6,2032
6,15
6,768
6,1992
6,2106
6,1188
6,926
6,396
6,1979
6,1842
6,2034
6,2320
6,1693
6,859
6,1146
6,2117
6,1930
6,2219
6,1500
6,717
6,500
6,1687
6,1544
6,500
6,1290
6,1154
6,175
6,1774
6,1943
6,2295
6,568
6,1932
6,177
6,1311
6,1746
6,597
6,267
6,2008
6,548
6,1895
6,2243
6,1878
6,1163
6,2068
6,314
6,660
6,1238
6,750
6,725
6,688
6,1262
6,1626
6,1302
6,1894
6,539
6,1179
6,947
6,736
6,1756
6,928
6,374
6,323
6,913
6,1509
6,409
6,2218
6,1816
6,216
6,2125
6,539
6,1769
6,1366
6,851
6,604
6,760
6,220
6,666
6,2231
6,1592
6,267
6,2036
6,821
6,1902
6,1693
6,1286
6,359
6,1878
6,1461
6,362
6,1133
6,1501
6,1593
6,1670
6,2239
6,1668
6,510
6,1021
6,794
6,1357
6,225
6,819
6,707
6,2215
6,1287
6,176
6,1290
6,2040
6,820
6,411
6,964
6,1980
6,1091
6,1721
6,1880
6,2218
6,2281
6,971
6,948
6,1367
6,822
6,2036
6,1739
6,1033
6,211
6,796
6,2073
6,565
6,559
6,304
6,1043
6,2013
6,1631
6,652
6,140
6,1156
6,1421
6,1378
6,800
6,2254
6,2099
6,647
6,614
6,379
6,226
6,796
6,124
6,942
6,799
6,973
6,1647
6,33
6,1275
6,470
6,14
6,2162
6,2147
6,682
6,430
6,1113
6,902
6,844
6,1697
6,1663
6,44
6,1512
6,1993
6,557
6,950
6,1957
6,1267
6,633
6,330
6,1193
6,173
6,1477
6,1221
6,1274
6,988
6,1453
6,2285
6,1794
6,662
6,1384
6,866
6,1829
6,985
6,2313
6,1768
6,1619
6,599
6,2090
6,1827
6,587
6,1466
6,1109
6,1597
6,1387
6,1860
6,51
6,1485
6,140
6,379
6,1237
6,865
6,325
6,374
6,1344
6,507
6,905
6,1935
6,1386
6,12
6,1056
6,1107
6,2259
6,1235
6,1339
6,2280
6,239
6,1905
6,2195
6,403
6,1332
6,825
6,1309
6,295
6,1344
6,953
6,1890
6,2001
6,416
6,2011
6,798
6,526
6,1100
6,291
6,10
6,2190
6,732
6,265
6,400
6,1520
6,125
6,401
6,1591
6,2109
6,832
6,679
6,145
6,2219
6,908
6,1793
6,2058
6,1714
6,2105
6,2078
6,710
6,1290
6,44
6,500
6,1690
6,117
6,224
6,1957
6,1044
6,1620
6,790
6,12
6,144
6,2123
6,48
6,2132
6,801
6,1116
6,2005
6,1174
6,897
6,1155
6,2110
6,1701
6,111
6,1256
6,505
6,45
6,268
6,417
6,176
6,1498
6,1892
6,1211
6,469
6,90
6,2052
6,1298
6,261
6,1750
6,434
6,135
6,1639
6,2334
6,693
6,1575
6,2313
6,2328
6,2143
6,673
6,1398
6,1175
6,2271
6,79
6,1624
6,2290
6,875
6,62
6,2092
6,1052
6,471
6,2099
6,1693
6,527
6,1203
6,1460
6,1866
6,470
6,1151
6,1739
6,927
6,607
6,226
6,376
6,447
6,1115
6,310
6,724
6,1015
6,847
6,611
6,1694
6,842
6,1549
6,893
6,915
6,676
6,2267
6,1223
6,645
6,2143
6,1977
6,1111
6,621
6,339
6,571
6,1800
6,818
6,229
6,726
6,1698
6,126
6,918
6,2067
6,2320
6,1906
6,1977
6,825
6,1471
6,898
6,41
6,664
6,349
6,958
6,1401
6,1875
6,905
6,1748
6,2320
6,1834
6,2075
6,643
6,139
6,595
6,1173
6,803
6,771
6,2187
6,778
6,2032
6,1487
6,1413
6,2209
6,1817
6,239
6,1902
6,1619
6,1399
6,1825
6,70
6,1296
6,1484
6,1807
6,1000
6,448
6,1437
6,1887
6,1682
6,2184
6,822
6,530
6,26
6,1982
6,1519
6,157
6,1597
6,6
6,1557
6,1965
6,674
6,2063
6,864
6,2184
6,1459
6,784
6,329
6,628
6,793
6,342
6,1425
6,862
6,2276
6,416
6,1829
6,1314
6,856
6,1964
6,473
6,1718
6,651
6,340
6,311
6,1339
6,690
6,911
6,300
6,1353
6,553
6,344
6,1549
6,1981
6,1123
6,2035
6,391
6,1177
6,166
6,2115
6,1
6,1150
6,659
6,391
6,620
6,1214
6,1789
6,1599
6,384
6,467
6,1108
6,2002
6,16
6,767
6,1253
6,112
6,1573
6,1868
6,2199
6,1324
6,1587
6,1800
6,1456
6,1977
6,1795
6,1858
6,1591
6,330
6,246
6,479
6,945
6,2297
6,1702
6,1528
6,1477
6,1202
6,55
6,2343
6,1795
6,2000
6,521
6,1790
6,1590
6,452
6,561
6,1089
6,1873
6,41
6,1161
6,179
6,142
6,814
6,1892
6,1301
6,331
6,1670
6,146
6,1232
6,1300
6,1149
6,2215
6,1605
6,959
6,1144
6,1951
6,837
6,2027
6,1800
6,590
6,1002
6,522
6,1301
6,1174
6,368
6,451
6,1882
6,1281
6,1891
6,2133
6,2255
6,1892
6,1072
6,1575
6,782
6,939
6,591
6,1832
6,1357
6,322
6,642
6,2248
6,2020
6,2110
6,2227
6,1050
6,1953
6,1022
6,1546
6,2280
6,1970
6,1633
6,1162
6,1658
6,357
6,1687
6,1652
6,746
6,397
6,625
6,1250
6,427
6,1001
6,1674
6,1840
6,2048
6,1300
6,1520
6,1371
6,1012
6,1329
6,885
6,66
6,1047
6,2288
6,389
6,343
6,41
6,1839
6,2213
6,1561
6,1028
6,1585
6,1367
6,508
6,907
6,1538
6,306
6,503
6,507
6,1270
6,1938
6,217
6,1593
6,1879
6,1540
6,1519
6,646
6,641
6,1462
6,836
6,122
6,1407
6,1533
6,980
6,1477
6,1580
6,1530
6,566
6,1415
6,60
6,113
6,1258
6,1240
6,902
6,978
6,1981
6,494
6,2137
6,1937
6,1833
6,1779
6,1160
6,655
6,87
6,414
6,1760
6,1603
6,955
6,2001
6,1628
6,710
6,723
6,1446
6,2065
6,207
6,1774
6,1967
6,1737
6,1066
6,1350
6,2221
6,1990
6,58
6,1144
6,2059
6,630
6,277
6,1072
6,572
6,857
6,2171
6,1546
6,1979
6,1644
6,599
6,2228
6,803
6,1554
6,1594
6,1455
6,2276
6,432
6,2043
6,1855
6,1730
6,1008
6,403
6,20
6,86
6,798
6,471
6,1061
6,120
6,307
6,1728
6,1674
6,101
6,2020
6,1241
6,6
6,372
6,1985
6,1786
6,131
6,1749
6,1981
6,1685
6,362
6,468
6,2260
6,1023
6,252
6,189
6,735
6,1603
6,2331
6,1790
6,1307
6,1194
6,428
6,1403
6,2153
6,664
6,1415
6,725
6,2151
6,1908
6,1473
6,407
6,1104
6,694
6,2304
6,973
6,2032
6,1279
6,972
6,2314
6,1259
6,683
6,2104
6,261
6,2010
6,203
6,502
6,193
6,1249
6,1530
6,586
6,597
6,1929
6,1068
6,223
6,2176
6,1108
6,2272
6,2013
6,45
6,827
6,1027
6,654
6,495
6,462
6,1744
6,1768
6,166
6,2277
6,2142
6,1781
6,1354
6,1966
6,321
6,1250
6,739
6,2238
6,1328
6,377
6,2089
6,293
6,907
6,915
6,184
6,859
6,12
6,2225
6,502
6,2207
6,1521
6,1794
6,791
6,757
6,1956
6,1502
6,1628
6,516
6,1428
6,1154
6,1802
6,52
6,514
6,2069
6,376
6,932
6,1283
6,2297
6,627
6,656
6,1795
6,176
6,1878
6,1782
6,1113
6,1295
6,159
6,395
6,2154
6,1586
6,485
6,2127
6,1715
6,2101
6,507
6,625
6,2006
6,147
6,167
6,1361
6,523
6,1758
6,1446
6,81
6,1301
6,606
6,385
6,50
6,1654
6,1792
6,1393
6,1764
6,2020
6,160
6,1219
6,2259
6,11
6,1849
6,9
6,965
6,2048
6,2324
6,928
6,730
6,2229
6,1109
6,1052
6,573
6,1969
6,2277
6,107
6,1252
6,568
6,1098
6,365
6,894
6,2030
6,1397
6,345
6,80
6,100
6,892
6,1591
6,2314
6,2029
6,920
6,45
6,579
6,599
6,744
6,607
6,1277
6,1385
6,1265
6,1637
6,528
6,283
6,1491
6,2231
6,2250
6,1151
6,278
6,1904
6,1795
6,320
6,161
6,1021
6,1583
6,2128
6,2251
6,1233
6,622
6,777
6,1224
6,1981
6,1530
6,2051
6,1811
6,138
6,1438
6,872
6,406
6,660
6,1458
6,1492
6,569
6,863
6,1740
6,2229
6,1458
6,346
6,2310
6,2094
6,196
6,1379
6,1999
6,1600
6,429
6,2001
6,289
6,1683
6,1308
6,297
6,60
6,1301
6,1914
6,2078
6,2341
6,1673
6,2281
6,1160
6,1482
6,220
6,1694
6,1992
6,1182
6,249
6,2155
6,906
6,173
6,103
6,268
6,1001
6,427
6,2172
6,1738
6,2206
6,1914
6,1925
6,769
6,1763
6,1901
6,1465
6,2284
6,160
6,1806
6,8
6,526
6,1660
6,1481
6,600
6,493
6,513
6,1503
6,455
6,168
6,2142
6,822
6,1441
6,1864
6,1257
6,455
6,101
6,2122
6,1869
6,125
6,2230
6,559
6,314
6,1000
6,1971
6,1888
6,2313
6,769
6,595
6,2307
6,1308
6,1772
6,684
6,519
6,39
6,2226
6,1447
6,1557
6,1079
6,466
6,871
6,1751
6,1533
6,1677
6,1485
6,1807
6,636
6,1884
6,1649
6,2235
6,1997
6,1263
6,1571
6,1430
6,121
6,1936
6,1244
6,1099
6,1641
6,106
6,639
6,1689
6,1430
6,448
6,1134
6,1324
6,1947
6,1474
6,1347
6,1845
6,1462
6,302
6,1395
6,13
6,1418
6,1053
6,1831
6,2167
6,655
6,661
6,677
6,532
6,2272
6,1313
6,2183
6,2310
6,733
6,530
6,1067
6,989
6,1746
6,1792
6,2028
6,1699
6,1039
6,1525
6,1863
6,1444
6,631
6,1097
6,1359
6,1450
6,88
6,2199
6,2037
6,2051
6,477
6,1565
6,1157
6,2194
6,1587
6,1575
6,398
6,2170
6,606
6,902
6,14
6,1265
6,633
6,1450
6,418
6,1480
6,1853
6,651
6,984
6,165
6,678
6,127
6,1361
6,914
6,1684
6,2156
6,813
6,1148
6,1610
6,1476
6,2166
6,1621
6,1203
6,864
6,1300
6,1388
6,1644
6,1722
6,1944
6,220
6,805
6,561
6,908
6,1707
6,1220
6,1037
6,1241
6,1906
6,1202
6,2338
6,673
6,1112
6,259
6,1792
6,837
6,1671
6,96
6,1105
6,2271
6,1428
6,1002
6,1768
6,1054
6,1217
6,161
6,485
6,286
6,1409
6,2294
6,1358
6,165
6,1022
6,1845
6,461
6,1611
6,2132
6,376
6,1518
6,513
6,372
6,2115
6,655
6,774
6,1516
6,1684
6,1551
6,2313
6,2242
6,192
6,547
6,192
6,1156
6,1291
6,526
6,559
6,2088
6,1554
6,2198
6,91
6,1887
6,1507
6,1380
6,1308
6,1132
6,1055
6,1573
6,883
6,923
6,1953
6,55
6,63
6,2217
6,1891
6,666
6,286
6,1581
6,1505
6,1500
6,302
6,92
6,507
6,436
6,893
6,494
6,1921
6,1291
6,1368
6,1834
6,738
6,1385
6,1759
6,1559
6,44
6,406
6,2109
6,798
6,1739
6,38
6,1163
6,899
6,1745
6,283
6,72
6,621
6,1811
6,222
6,466
6,1233
6,1105
6,413
6,344
6,1118
6,1619
6,348
6,6
6,2229
6,2142
6,973
6,126
6,309
6,431
6,304
6,2102
6,1102
6,673
6,378
6,1778
6,89
6,1574
6,1801
6,176
6,2220
6,549
6,604
6,38
6,637
6,1878
6,994
6,1713
6,1069
6,584
6,1006
6,1479
6,940
6,198
6,1747
6,2139
6,1372
6,2104
6,165
6,513
6,1149
6,558
6,2206
6,1018
6,684
6,1678
6,2046
6,1387
6,729
6,860
6,1038
6,1630
6,2224
6,835
6,516
6,269
6,194
6,2189
6,599
6,735
6,1295
6,930
6,383
6,1696
6,358
6,945
6,1014
6,540
6,536
6,173
6,741
6,1936
6,2199
6,72
6,1718
6,1128
6,617
6,1619
6,1224
6,1750
6,1462
6,2164
6,1786
6,1448
6,509
6,1488
6,2058
6,414
6,1322
6,1800
6,1894
6,2311
6,1667
6,1058
6,1142
6,1106
6,1688
6,927
6,1083
6,1771
6,1536
6,1692
6,810
6,162
6,75
6,2043
6,877
6,1989
6,2270
6,659
6,1720
6,901
6,1569
6,310
6,1977
6,1340
6,529
6,972
6,1813
6,1317
6,1657
6,230
6,1762
6,528
6,1940
6,1426
6,226
6,1762
6,1593
6,787
6,2018
6,1924
6,215
6,690
6,991
6,353
6,906
6,1285
6,1563
6,1
6,469
6,1970
6,1874
6,1349
6,1191
6,999
6,636
6,1503
6,2163
6,1533
6,1640
6,1877
6,2093
6,1808
6,2308
6,2271
6,1754
6,2029
6,639
6,2205
6,2218
6,706
6,104
6,2212
6,1181
6,1623
6,42
6,1310
6,324
6,1809
6,247
6,760
6,923
6,1104
6,922
6,1391
6,2020
6,1353
6,1644
6,1750
6,1016
6,1958
6,716
6,2052
6,484
6,1780
6,1997
6,577
6,527
6,895
6,602
6,1148
6,1767
6,1964
6,2328
6,250
6,1216
6,2067
6,764
6,1402
6,2310
6,1745
6,1434
6,516
6,1589
6,1488
6,97
6,1609
6,1054
6,670
6,688
6,824
6,513
6,1869
6,1737
6,1558
6,2079
6,592
6,1462
6,317
6,1724
6,1226
6,274
6,729
6,1054
6,1269
6,888
6,603
6,1496
6,855
6,2132
6,211
6,579
6,627
6,1730
6,667
6,1943
6,1617
6,418
6,2314
6,469
6,1038
6,1271
6,141
6,925
6,2091
6,1353
6,1117
6,753
6,689
6,969
6,1093
6,995
6,1287
6,269
6,1124
6,2209
6,125
6,2176
6,1891
6,1366
6,992
6,328
6,2237
6,105
6,1514
6,1411
6,258
6,496
6,482
6,339
6,1757
6,333
6,1602
6,172
6,150
6,2205
6,847
6,174
6,337
6,2312
6,1886
6,1804
6,477
6,1729
6,896
6,588
6,319
6,801
6,1794
6,622
6,2250
6,706
6,1739
6,1365
6,492
6,1759
6,763
6,1201
6,118
6,876
6,126
6,1457
6,483
6,2011
6,639
6,1100
6,1961
6,198
6,1423
6,1383
6,1947
6,1067
6,768
6,1076
6,518
6,1587
6,1912
6,824
6,1948
6,325
6,854
6,160
6,1569
6,1141
6,1693
6,1185
6,2032
6,1843
6,544
6,1037
6,675
6,653
6,1973
6,1969
6,50
6,636
6,37
6,1536
6,1140
6,1851
6,76
6,1719
6,637
6,1250
6,1658
6,385
6,1432
6,805
6,2335
6,1447
6,1801
6,88
6,1740
6,317
6,932
6,440
6,1693
6,1898
6,238
6,666
6,1619
6,1210
6,235
6,1778
6,211
6,648
6,550
6,466
6,315
6,1970
6,2033
6,739
6,765
6,130
6,2125
6,1792
6,1003
6,927
6,2094
6,1604
6,1795
6,774
6,80
6,608
6,381
6,1829
6,2192
6,1112
6,859
6,1870
6,193
6,1600
6,1736
6,1596
6,573
6,327
6,1472
6,304
6,2137
6,1327
6,1513
6,1784
6,332
6,374
6,1988
6,63
6,1675
6,1041
6,1671
6,1321
6,459
6,1421
6,1884
6,2262
6,74
6,510
6,1818
6,2132
6,633
6,1983
6,937
6,145
6,108
6,1315
6,2170
6,1036
6,967
6,632
6,2270
6,1467
6,975
6,1185
6,866
6,1286
6,739
6,1276
6,1717
6,1404
6,1985
6,792
6,391
6,2031
6,1968
6,1574
6,1179
6,1230
6,1855
6,248
6,617
6,1787
6,1632
6,1580
6,1650
6,841
6,2289
6,2027
6,2216
6,1910
6,1385
6,214
6,1984
6,924
6,528
6,844
6,103
6,71
6,2087
6,562
6,87
6,1523
6,1224
6,1953
6,1588
6,1715
6,123
6,2103
6,519
6,220
6,210
6,666
6,359
6,1062
6,1060
6,1410
6,394
6,1333
6,1939
6,588
6,2294
6,274
6,294
6,237
6,2064
6,1338
6,236
6,1612
6,559
6,405
6,2311
6,1677
6,1129
6,2040
6,1933
6,822
6,226
6,1058
6,873
6,2099
6,1952
6,1985
6,1272
6,839
6,172
6,2031
6,2069
6,859
6,218
6,1372
6,989
6,1344
6,719
6,1969
6,2035
6,819
6,1832
6,1597
6,791
6,1023
6,1447
6,301
6,2076
6,471
6,339
6,1529
6,597
6,1645
6,559
6,461
6,1641
6,2066
6,2256
6,1386
6,1118
6,2110
6,356
6,1156
6,482
6,1045
6,1681
6,539
6,1846
6,1157
6,2298
6,2330
6,1027
6,400
6,1931
6,994
6,1773
6,198
6,1037
6,2172
6,1694
6,833
6,2036
6,1041
6,1536
6,1590
6,1697
6,1360
6,725
6,421
6,513
6,57
6,2323
6,1154
6,864
6,1488
6,1095
6,1134
6,2247
6,500
6,809
6,598
6,1419
6,1337
6,1166
6,895
6,1110
6,1006
6,2181
6,1478
6,2086
6,378
6,2287
6,2181
6,1891
6,179
6,2321
6,1453
6,250
6,1933
6,99
6,948
6,103
6,1688
6,1993
6,24
6,636
6,105
6,344
6,2095
6,2237
6,115
6,676
6,893
6,1003
6,1997
6,1629
6,923
6,2165
6,1231
6,1960
6,1329
6,2112
6,520
6,981
6,1470
6,311
6,336
6,2262
6,1946
6,560
6,2288
6,161
6,1326
6,980
6,1914
6,248
6,1133
6,2116
6,1695
6,1888
6,765
6,1927
6,836
6,1185
6,86
6,2320
6,2005
6,342
6,1247
6,1875
6,114
6,808
6,1830
6,807
6,1359
6,1049
6,2151
6,590
6,461
6,970
6,474
6,1384
6,2240
6,1566
6,850
6,1270
6,1267
6,1922
6,765
6,2166
6,1247
6,1743
6,1769
6,1474
6,1734
6,762
6,1199
6,1674
6,1452
6,791
6,1938
6,1162
6,386
6,1919
6,109
6,1980
6,636
6,489
6,1186
6,1889
6,1526
6,420
6,8
6,385
6,829
6,636
6,547
6,2258
6,1855
6,1329
6,6
6,330
6,1733
6,347
6,852
6,1797
6,1111
6,906
6,229
6,908
6,1183
6,80
6,2318
6,1011
6,224
6,2119
6,511
6,146
6,104
6,1988
6,951
6,1478
6,1884
6,1864
6,345
6,1727
6,2066
6,14
6,358
6,2038
6,2253
6,414
6,129
6,154
6,255
6,1521
6,2270
6,755
6,2114
6,2004
6,1894
6,1380
6,1259
6,548
6,534
6,2162
6,1679
6,1748
6,1039
6,1267
6,1306
6,2341
6,1322
6,798
6,1516
6,2087
6,2118
6,1502
6,2002
6,2179
6,1135
6,548
6,1390
6,431
6,1779
6,1502
6,45
6,104
6,824
6,1602
6,2335
6,1574
6,1436
6,1620
6,1595
6,2034
6,1873
6,54
6,30
6,2251
6,1957
6,2117
6,1573
6,77
6,1847
6,217
6,2304
6,1396
6,361
6,256
6,1771
6,1224
6,1893
6,1241
6,1518
6,1334
6,1549
6,1819
6,315
6,2181
6,458
6,1317
6,891
6,2191
6,68
6,2342
6,1793
6,290
6,538
6,57
6,642
6,445
6,1829
6,2267
6,1958
6,1960
6,861
6,186
6,714
6,1009
6,445
6,2118
6,1674
6,171
6,2254
6,475
6,727
6,1805
6,1345
6,377
6,1341
6,314
6,227
6,2168
6,398
6,148
6,1795
6,1528
6,1153
6,800
6,856
6,870
6,991
6,864
6,637
6,1700
6,1190
6,1495
6,734
6,1089
6,120
6,1916
6,2254
6,1876
6,1624
6,2257
6,1263
6,418
6,778
6,2168
6,1086
6,584
6,316
6,540
6,1303
6,1718
6,426
6,2188
6,2007
6,1957
6,2294
6,2297
6,2268
6,1686
6,2011
6,1417
6,2050
6,1702
6,2268
6,411
6,721
6,952
6,919
6,1918
6,514
6,486
6,2118
6,70
6,147
6,212
6,783
6,766
6,2248
6,1776
6,823
6,455
6,694
6,289
6,2109
6,2167
6,931
6,2289
6,69
6,1302
6,586
6,1467
6,1585
6,1916
6,547
6,2254
6,1070
6,759
6,206
6,1233
6,1035
6,485
6,545
6,929
6,411
6,1354
6,1694
6,541
6,776
6,1329
6,2306
6,172
6,1670
6,974
6,504
6,2082
6,1728
6,139
6,1532
6,1513
6,1666
6,1931
6,1263
6,1918
6,1987
6,1118
6,858
6,681
6,1951
6,2342
6,1575
6,272
6,1609
6,461
6,1721
6,767
6,452
6,95
6,2135
6,1688
6,1528
6,1869
6,565
6,446
6,2012
6,579
6,1908
6,203
6,1823
6,1844
6,351
6,2258
6,2088
6,577
6,1187
6,1810
6,1694
6,2050
6,1288
6,61
6,546
6,1578
6,180
6,1968
6,388
6,776
6,2321
6,1084
6,824
6,685
6,2322
6,386
6,968
6,2313
6,224
6,328
6,2321
6,1293
6,238
6,1079
6,1066
6,1798
6,1652
6,1169
6,279
6,2135
6,1250
6,250
6,328
6,2122
6,977
6,1954
6,48
6,11
6,1543
6,1020
6,23
6,990
6,2333
6,654
6,457
6,258
6,1535
6,456
6,1504
6,2136
6,1923
6,189
6,265
6,728
6,1843
6,2305
6,2229
6,1708
6,1676
6,838
6,1926
6,979
6,493
6,43
6,2206
6,2089
6,2141
6,2017
6,1682
6,449
6,2319
6,944
6,489
6,576
6,413
6,1360
6,577
6,908
6,887
6,299
6,106
6,1853
6,2062
6,1538
6,1718
6,185
6,1418
6,1223
6,426
6,2276
6,2181
6,107
6,653
6,2264
6,1432
6,1012
6,2166
6,1338
6,2320
6,2177
6,1840
6,74
6,200
6,1482
6,652
6,629
6,1110
6,918
6,1362
6,1031
6,1187
6,705
6,1691
6,1713
6,1378
6,1702
6,2159
6,987
6,1718
6,2021
6,2015
6,1451
6,1346
6,1485
6,1132
6,1395
6,913
6,2102
6,2016
6,591
6,896
6,2029
6,83
6,4
6,842
6,132
6,322
6,2099
6,1211
6,1759
6,854
6,269
6,1959
6,1525
6,214
6,2010
6,501
6,2132
6,15
6,1055
6,799
6,2264
6,65
6,871
6,1073
6,1300
6,119
6,1607
6,501
6,2214
6,587
6,623
6,1762
6,1551
6,1426
6,1077
6,1266
6,1150
6,2306
6,2103
6,1057
6,2232
6,2313
6,1863
6,1913
6,311
6,1629
6,418
6,1556
6,1594
6,575
6,1324
6,1621
6,2013
6,980
6,484
6,876
6,214
6,2082
6,42
6,395
6,464
6,620
6,1887
6,1751
6,1848
6,859
6,963
6,832
6,1878
6,501
6,249
6,968
6,2125
6,1053
6,2196
6,375
6,1167
6,330
6,1835
6,1577
6,301
6,790
6,1365
6,1150
6,1377
6,683
6,1308
6,34
6,1607
6,2130
6,2188
6,18
6,1315
6,881
6,866
6,2175
6,254
6,1691
6,69
6,223
6,1716
6,2223
6,2093
6,2057
6,222
6,1124
6,500
6,1299
6,1667
6,830
6,1967
6,156
6,1001
6,147
6,1177
6,1937
6,1726
6,493
6,900
6,1925
6,1001
6,1229
6,1898
6,532
6,1142
6,1455
6,713
6,1917
6,1538
6,2061
6,409
6,2283
6,1924
6,511
6,1539
6,166
6,369
6,269
6,765
6,1776
6,1211
6,1231
6,1893
6,242
6,134
6,1778
6,205
6,1153
6,1739
6,429
6,1331
6,555
6,879
6,708
6,2007
6,2196
6,1842
6,1218
6,1212
6,1263
6,661
6,578
6,540
6,1842
6,1582
6,887
6,185
6,816
6,683
6,1174
6,477
6,744
6,618
6,2128
6,703
6,245
6,1702
6,1435
6,1302
6,704
6,2311
6,2014
6,2015
6,2333
6,2289
6,1344
6,2335
6,787
6,1876
6,1095
6,1705
6,1002
6,130
6,2207
6,899
6,1901
6,23
6,548
6,2295
6,1114
6,470
6,1884
6,300
6,1493
6,1122
6,1005
6,2134
6,1834
6,959
6,1296
6,2344
6,657
6,116
6,414
6,202
6,1343
6,1911
6,309
6,883
6,20
6,214
6,635
6,973
6,25
6,696
6,1916
6,160
6,1732
6,987
6,1505
6,335
6,1557
6,652
6,1412
6,1651
6,1105
6,1115
6,182
6,646
6,407
6,2003
6,1537
6,1703
6,548
6,999
6,520
6,321
6,838
6,856
6,421
6,1733
6,2221
6,670
6,1648
6,2163
6,617
6,2260
6,4
6,2053
6,1293
6,433
6,2124
6,1095
6,1730
6,2320
6,666
6,1573
6,49
6,132
6,1974
6,1175
6,171
6,1885
6,1340
6,1841
6,69
6,349
6,756
6,486
6,353
6,1152
6,1423
6,311
6,204
6,2229
6,2201
6,1585
6,1977
6,1991
6,2172
6,895
6,809
6,427
6,499
6,515
6,55
6,1940
6,2201
6,1029
6,913
6,685
6,1285
6,36
6,131
6,1830
6,1603
6,929
6,393
6,847
6,1330
6,615
6,158
6,750
6,50
6,2154
6,295
6,1916
6,1544
6,613
6,1609
6,2194
6,900
6,1159
6,176
6,1028
6,1180
6,1500
6,1112
6,811
6,2153
6,1086
6,1790
6,1114
6,1776
6,554
6,1275
6,1005
6,1377
6,732
6,930
6,1607
6,1189
6,1934
6,33
6,432
6,123
6,1588
6,1431
6,1528
6,865
6,1168
6,2275
6,7
6,164
6,426
6,496
6,267
6,1562
6,642
6,405
6,860
6,446
6,833
6,1746
6,2007
6,444
6,714
6,2306
6,1384
6,752
6,309
6,905
6,1100
6,1302
6,2197
6,1754
6,1540
6,1322
6,1980
6,547
6,2148
6,771
6,1846
6,1987
6,1851
6,9
6,1317
6,1508
6,1295
6,497
6,2085
6,1945
6,1313
6,190
6,1902
6,192
6,919
6,403
6,1126
6,2336
6,2291
6,845
6,445
6,1636
6,464
6,1997
6,2309
6,1953
6,152
6,1479
6,1433
6,1474
6,2195
6,1040
6,2235
6,1322
6,984
6,1803
6,1328
6,1386
6,1482
6,2002
6,1612
6,1441
6,1843
6,30
6,2044
6,1283
6,968
6,2000
6,41
6,1529
6,201
6,2123
6,2055
6,306
6,1774
6,2158
6,1300
6,1610
6,1717
6,1141
6,2008
6,1903
6,334
6,2345
6,337
6,186
6,1186
6,365
6,1375
6,2066
6,1388
6,17
6,1553
6,958
6,285
6,1336
6,1690
6,584
6,624
6,532
6,1501
6,818
6,1756
6,890
6,1684
6,1140
6,236
6,1035
6,2246
6,951
6,1565
6,1890
6,1825
6,1965
6,1234
6,1434
6,2303
6,689
6,334
6,1610
6,1812
6,1334
6,338
6,1339
6,2215
6,2107
6,1002
6,2326
6,1024
6,1415
6,24
6,255
6,1735
6,444
6,1810
6,139
6,1636
6,2004
6,1131
6,656
6,1974
6,763
6,348
6,1154
6,1483
6,923
6,1621
6,1399
6,706
6,625
6,143
6,235
6,1849
6,601
6,1313
6,2117
6,646
6,1512
6,144
6,1247
6,1085
6,225
6,1071
6,329
6,1429
6,825
6,1656
6,849
6,616
6,2204
6,1523
6,1160
6,2226
6,637
6,1302
6,752
6,1473
6,1240
6,1178
6,557
6,293
6,237
6,1721
6,1373
6,2292
6,2055
6,1859
6,318
6,874
6,625
6,84
6,1558
6,250
6,2335
6,1952
6,92
6,200
6,356
6,732
6,1097
6,1196
6,1116
6,530
6,185
6,2010
6,1742
6,1574
6,234
6,2076
6,962
6,96
6,1252
6,826
6,1481
6,1525
6,805
6,97
6,199
6,1388
6,1160
6,1296
6,1163
6,675
6,1054
6,1543
6,802
6,1323
6,703
6,1882
6,1986
6,1978
6,1487
6,1237
6,1078
6,1808
6,983
6,642
6,818
6,696
6,1989
6,828
6,517
6,2260
6,2086
6,1425
6,2265
6,2088
6,1064
6,2254
6,2053
6,2182
6,438
6,225
6,2063
6,1436
6,1786
6,500
6,1357
6,1779
6,1118
6,1314
6,1643
6,1886
6,871
6,974
6,204
6,336
6,1914
6,115
6,1501
6,1022
6,1600
6,643
6,2302
6,681
6,1787
6,596
6,1437
6,2085
6,1940
6,246
6,1842
6,698
6,748
6,1122
6,1584
6,1445
6,1336
6,2260
6,2243
6,1790
6,987
6,639
6,1454
6,293
6,2083
6,1440
6,1177
6,1716
6,377
6,922
6,1342
6,1977
6,1101
6,607
6,1013
6,554
6,37
6,1418
6,1400
6,1126
6,550
6,1094
6,95
6,2048
6,1659
6,957
6,349
6,1317
6,1008
6,2250
6,110
6,649
6,1587
6,443
6,1256
6,853
6,1862
6,1582
6,474
6,359
6,2260
6,2160
6,657
6,2012
6,424
6,1639
6,1470
6,1711
6,2307
6,2131
6,1806
6,689
6,907
6,561
6,313
6,2113
6,152
6,2209
6,1831
6,297
6,1692
6,215
6,803
6,471
6,2329
6,1025
6,1036
6,1820
6,93
6,1195
6,375
6,1234
6,489
6,2102
6,2141
6,357
6,415
6,2064
6,270
6,1733
6,874
6,1477
6,1581
6,859
6,1903
6,627
6,2192
6,27
6,1454
6,1628
6,1686
6,545
6,690
6,903
6,778
6,740
6,1992
6,1638
6,148
6,2296
6,551
6,1082
6,1493
6,2014
6,2054
6,909
6,1094
6,443
6,1288
6,2215
6,2296
6,2037
6,827
6,600
6,215
6,1319
6,99
6,1381
6,314
6,404
6,8
6,1011
6,1817
6,266
6,70
6,1707
6,1690
6,266
6,2034
6,1518
6,704
6,290
6,34
6,1636
6,923
6,2232
6,1666
6,827
6,1198
6,1649
6,520
6,57
6,1848
6,1538
6,2173
6,360
6,1627
6,379
6,627
6,238
6,107
6,500
6,1469
6,924
6,947
6,1058
6,1336
6,1231
6,123
6,893
6,1579
6,1754
6,1685
6,352
6,986
6,1858
6,427
6,1692
6,2049
6,1118
6,676
6,2286
6,1900
6,290
6,2105
6,1825
6,891
6,1788
6,1917
6,133
6,144
6,2270
6,1776
6,1111
6,1920
6,972
6,1685
6,639
6,1828
6,484
6,1924
6,901
6,1295
6,794
6,1220
6,734
6,1338
6,1348
6,1460
6,1093
6,837
6,2033
6,741
6,1744
6,1765
6,1819
6,744
6,269
6,344
6,592
6,1711
6,2237
6,2343
6,238
6,847
6,2020
6,373
6,2323
6,810
6,534
6,2208
6,1866
6,522
6,2227
6,379
6,983
6,2115
6,1010
6,686
6,1126
6,1168
6,1256
6,1365
6,536
6,1612
6,1459
6,1497
6,728
6,1251
6,1760
6,662
6,542
6,312
6,163
6,442
6,100
6,372
6,1144
6,910
6,853
6,1306
6,898
6,1103
6,1266
6,1964
6,1158
6,1897
6,854
6,917
6,343
6,1612
6,148
6,1483
6,2117
6,872
6,582
6,1499
6,1596
6,505
6,465
6,1893
6,1298
6,375
6,1643
6,545
6,1289
6,531
6,858
6,2150
6,1607
6,2180
6,1945
6,1164
6,1690
6,710
6,386
6,1728
6,1530
6,848
6,1021
6,422
6,1446
6,940
6,1477
6,1016
6,598
6,156
6,1175
6,1554
6,469
6,1045
6,2239
6,1922
6,92
6,991
6,2108
6,1834
6,1074
6,2065
6,2021
6,155
6,1766
6,1177
6,44
6,1862
6,1361
6,457
6,839
6,1305
6,1191
6,1479
6,1488
6,2231
6,1309
6,1670
6,1819
6,2296
6,2173
6,927
6,697
6,1643
6,2344
6,1766
6,283
6,898
6,1960
6,2261
6,923
6,1801
6,261
6,711
6,283
6,1101
6,172
6,1104
6,1877
6,844
6,1942
6,1013
6,649
6,289
6,1249
6,765
6,2192
6,2102
6,396
6,1920
6,234
6,2309
6,168
6,1953
6,2302
6,2322
6,1986
6,1959
6,2246
6,2199
6,393
6,1501
6,1904
6,1370
6,786
6,1601
6,1853
6,358
6,1847
6,351
6,756
6,1058
6,710
6,1327
6,620
6,1231
6,1814
6,827
6,982
6,1226
6,1614
6,1664
6,1481
6,1490
6,768
6,1180
6,599
6,1461
6,975
6,1010
6,1963
6,1558
6,2066
6,495
6,1588
6,890
6,708
6,850
6,1492
6,988
6,1749
6,2219
6,1693
6,1382
6,723
6,1560
6,408
6,1877
6,1242
6,1987
6,279
6,68
6,534
6,512
6,1529
6,1551
6,537
6,1847
6,1303
6,213
6,1586
6,600
6,647
6,2043
6,1996
6,632
6,1932
6,991
6,5
6,2030
6,297
6,1016
6,4
6,1393
6,1003
6,2098
6,707
6,2094
6,1859
6,1332
6,1276
6,1429
6,896
6,1227
6,2217
6,894
6,1974
6,366
6,1393
6,334
6,1067
6,427
6,527
6,114
6,910
6,1404
6,453
6,814
6,2237
6,2037
6,1605
6,2259
6,2261
6,623
6,70
6,2261
6,1330
6,2204
6,1477
6,251
6,1945
6,141
6,1116
6,1162
6,1542
6,470
6,2149
6,774
6,334
6,85
6,489
6,2317
6,2109
6,1340
6,1550
6,1064
6,558
6,1548
6,1327
6,2262
6,828
6,2311
6,163
6,938
6,909
6,1934
6,581
6,1915
6,1456
6,1195
6,412
6,1256
6,2145
6,1904
6,480
6,2269
6,1817
6,880
6,1765
6,657
6,2023
6,1672
6,1146
6,196
6,732
6,939
6,926
6,1351
6,1618
6,2333
6,439
6,922
6,1354
6,472
6,1044
6,1111
6,1380
6,1462
6,2339
6,606
6,303
6,185
6,568
6,733
6,2193
6,685
6,1096
6,1177
6,492
6,1026
6,666
6,770
6,2328
6,93
6,363
6,730
6,623
6,2127
6,829
6,887
6,2060
6,402
6,1421
6,1098
6,1307
6,1381
6,84
6,691
6,1104
6,208
6,328
6,676
6,164
6,1175
6,1932
6,597
6,284
6,2289
6,1855
6,1379
6,60
6,480
6,745
6,546
6,2107
6,151
6,828
6,522
6,1405
6,249
6,1692
6,1287
6,991
6,720
6,490
6,1138
6,370
6,761
6,2030
6,2134
6,567
6,1773
6,2023
6,1415
6,193
6,571
6,323
6,681
6,1
6,245
6,440
6,1705
6,2050
6,875
6,719
6,811
6,1722
6,2063
6,861
6,2101
6,1019
6,563
6,20
6,599
6,198
6,809
6,1636
6,217
6,1983
6,1038
6,2188
6,872
6,1045
6,2049
6,1222
6,1409
6,1292
6,1983
6,2208
6,1243
6,886
6,2061
6,212
6,530
6,988
6,1075
6,1294
6,1938
6,251
6,1507
6,573
6,1617
6,721
6,863
6,1563
6,90
6,297
6,90
6,1341
6,1525
6,593
6,374
6,1252
6,1598
6,1259
6,110
6,611
6,1385
6,1862
6,1246
6,673
6,101
6,907
6,855
6,1670
6,1166
6,1166
6,637
6,1833
6,363
6,917
6,1774
6,2065
6,247
6,35
6,1651
6,648
6,1869
6,301
6,490
6,480
6,1666
6,511
6,692
6,1400
6,368
6,1110
6,2317
6,414
6,927
6,279
6,1820
6,540
6,442
6,185
6,1872
6,172
6,1249
6,2246
6,630
6,536
6,235
6,1539
6,270
6,2210
6,2206
6,736
6,593
6,794
6,1805
6,1905
6,313
6,728
6,456
6,735
6,1895
6,206
6,759
6,2242
6,1200
6,138
6,1865
6,1877
6,1589
6,31
6,1297
6,1094
6,22
6,1325
6,1188
6,898
6,471
6,1730
6,709
6,1829
6,830
6,472
6,1429
6,598
6,46
6,355
6,94
6,21
6,1628
6,849
6,1028
6,601
6,1423
6,691
6,233
6,896
6,1717
6,1197
6,851
6,1553
6,977
6,1104
6,1185
6,2206
6,682
6,1812
6,1673
6,667
6,844
6,2062
6,2054
6,429
6,950
6,183
6,10
6,696
6,510
6,1454
6,2134
6,723
6,1396
6,2266
6,1091
6,481
6,485
6,715
6,880
6,559
6,1063
6,555
6,976
6,640
6,967
6,1248
6,476
6,906
6,1873
6,400
6,1942
6,782
6,1315
6,1332
6,456
6,2060
6,531
6,919
6,1000
6,768
6,1271
6,2174
6,2002
6,143
6,1861
6,1047
6,1191
6,236
6,679
6,1346
6,1308
6,593
6,1682
6,2245
6,2201
6,2323
6,1260
6,1834
6,2161
6,1910
6,746
6,504
6,1999
6,1779
6,1094
6,2303
6,683
6,769
6,1948
6,1145
6,2242
6,905
6,804
6,1622
6,822
6,322
6,1010
6,8
6,1479
6,2256
6,772
6,1335
6,685
6,1321
6,884
6,1007
6,1472
6,221
6,451
6,1341
6,2303
6,1720
6,480
6,823
6,410
6,1832
6,2187
6,1686
6,376
6,1071
6,476
6,1519
6,1566
6,1810
6,957
6,2257
6,1136
6,1135
6,1643
6,1512
6,1378
6,62
6,1841
6,864
6,1748
6,1783
6,260
6,2112
6,73
6,566
6,610
6,941
6,764
6,1755
6,400
6,2171
6,1868
6,2149
6,2338
6,1136
6,2017
6,268
6,36
6,1324
6,14
6,1926
6,849
6,2324
6,63
6,1052
6,491
6,481
6,1723
6,1047
6,1571
6,31
6,2126
6,1343
6,1756
6,723
6,1025
6,2192
6,1507
6,314
6,1300
6,145
6,1030
6,857
6,890
6,1182
6,1615
6,1027
6,22
6,643
6,466
6,85
6,1902
6,557
6,1229
6,887
6,2024
6,1831
6,1960
6,282
6,506
6,494
6,2207
6,939
6,2025
6,668
6,1005
6,1473
6,316
6,447
6,5
6,722
6,518
6,1975
6,156
6,1045
6,2190
6,33
6,9
6,2114
6,2200
6,552
6,1528
6,280
6,1553
6,1971
6,545
6,286
6,709
6,1532
6,2058
6,937
6,2229
6,1169
6,1825
6,475
6,447
6,672
6,1300
6,252
6,635
6,2173
6,1852
6,521
6,988
6,686
6,1119
6,1482
6,579
6,812
6,1088
6,1106
6,244
6,451
6,1650
6,2275
6,780
6,245
6,1700
6,1633
6,991
6,2102
6,1812
6,1840
6,2178
6,1466
6,190
6,2177
6,2043
6,1776
6,1750
6,739
6,1751
6,2314
6,1350
6,1416
6,383
6,736
6,1873
6,459
6,481
6,2028
6,1953
6,242
6,2060
6,846
6,129
6,1262
6,1515
6,1067
6,2025
6,345
6,2138
6,1170
6,2202
6,1998
6,920
6,1998
6,2146
6,2122
6,555
6,410
6,2011
6,1703
6,577
6,578
6,2234
6,2335
6,704
6,149
6,857
6,88
6,1201
6,1910
6,1923
6,1827
6,380
6,2163
6,908
6,395
6,393
6,601
6,761
6,248
6,542
6,684
6,1511
6,966
6,792
6,590
6,1667
6,1607
6,71
6,2189
6,51
6,2257
6,1659
6,279
6,1285
6,1089
6,2286
6,1733
6,1976
6,758
6,1863
6,1678
6,1534
6,83
6,1478
6,525
6,453
6,835
6,345
6,1119
6,817
6,1871
6,417
6,2252
6,1429
6,693
6,678
6,782
6,666
6,2258
6,760
6,736
6,2112
6,700
6,2217
6,1919
6,1482
6,2190
6,2165
6,1259
6,197
6,644
6,107
6,1600
6,1922
6,28
6,74
6,1455
6,1356
6,133
6,1360
6,73
6,1731
6,762
6,1984
6,1399
6,2216
6,592
6,1085
6,1877
6,2233
6,1311
6,1973
6,1531
6,1603
6,1344
6,1234
6,248
6,1704
6,1314
6,1148
6,656
6,1240
6,1809
6,1870
6,1678
6,387
6,1345
6,1745
6,307
6,1177
6,1154
6,2204
6,671
6,25
6,711
6,658
6,768
6,7
6,1029
6,1239
6,1526
6,2293
6,1677
6,562
6,2238
6,1836
6,1401
6,2043
6,761
6,1046
6,2034
6,2186
6,774
6,842
6,84
6,2176
6,554
6,384
6,241
6,83
6,2206
6,1439
6,1683
6,1620
6,406
6,2149
6,2119
6,1427
6,262
6,170
6,2045
6,2009
6,243
6,1724
6,2073
6,981
6,1745
6,1876
6,383
6,1918
6,694
6,1755
6,1069
6,398
6,370
6,1987
6,704
6,642
6,1267
6,2020
6,1956
6,1996
6,1213
6,1417
6,953
6,801
6,2001
6,643
6,265
6,1061
6,335
6,1121
6,1552
6,48
6,1558
6,149
6,2232
6,530
6,958
6,1906
6,118
6,213
6,182
6,467
6,789
6,1702
6,1622
6,1030
6,872
6,1590
6,1273
6,926
6,2340
6,595
6,2013
6,2007
6,822
6,1850
6,819
6,1069
6,1399
6,652
6,956
6,1400
6,1424
6,1923
6,738
6,541
6,2056
6,936
6,607
6,2218
6,1939
6,1272
6,2253
6,1128
6,532
6,219
6,154
6,282
6,317
6,1691
6,1652
6,660
6,1825
6,1135
6,927
6,433
6,918
6,1228
6,910
6,2226
6,1305
6,1069
6,1201
6,1092
6,1702
6,1620
6,380
6,2202
6,1078
6,110
6,1848
6,1635
6,1099
6,672
6,2294
6,1387
6,1168
6,458
6,1323
6,1771
6,66
6,540
6,129
6,1121
6,571
6,2076
6,544
6,150
6,1111
6,351
6,561
6,399
6,1620
6,2254
6,670
6,234
6,2337
6,156
6,2306
6,1339
6,525
6,1066
6,1772
6,1005
6,509
6,1808
6,2216
6,2052
6,2156
6,1556
6,322
6,1225
6,2022
6,2243
6,538
6,1198
6,304
6,457
6,1052
6,1128
6,691
6,200
6,1424
6,1548
6,910
6,944
6,78
6,91
6,1227
6,909
6,1095
6,942
6,1382
6,1644
6,418
6,1815
6,1859
6,150
6,2188
6,836
6,1313
6,313
6,1946
6,2025
6,2092
6,1011
6,1069
6,1279
6,1207
6,2304
6,1050
6,2125
6,1304
6,1206
6,1511
6,134
6,2194
6,298
6,1120
6,35
6,2267
6,1369
6,676
6,2249
6,2097
6,500
6,2240
6,522
6,1166
6,305
6,1032
6,232
6,1392
6,198
6,2104
6,220
6,2017
6,624
6,1690
6,1574
6,2239
6,1520
6,1040
6,1233
6,165
6,1719
6,30
6,443
6,2274
6,552
6,818
6,1542
6,358
6,923
6,1003
6,964
6,561
6,1680
6,522
6,199
6,1605
6,206
6,702
6,1407
6,1234
6,1191
6,1959
6,71
6,555
6,1281
6,492
6,1204
6,289
6,2029
6,1126
6,163
6,295
6,1007
6,1442
6,1101
6,2287
6,2265
6,1332
6,284
6,620
6,300
6,661
6,397
6,1747
6,313
6,1528
6,1253
6,920
6,792
6,1799
6,425
6,1766
6,483
6,1117
6,505
6,292
6,1944
6,1866
6,1551
6,1616
6,290
6,448
6,2194
6,228
6,945
6,1014
6,600
6,220
6,1049
6,2127
6,697
6,979
6,1480
6,2003
6,1857
6,1796
6,1621
6,696
6,648
6,374
6,780
6,1077
6,842
6,1257
6,1045
6,1602
6,1935
6,2173
6,2324
6,1620
6,2215
6,895
6,422
6,264
6,2173
6,54
6,763
6,969
6,1440
6,314
6,2334
6,1304
6,2285
6,1828
6,2247
6,1844
6,193
6,1620
6,430
6,419
6,2267
6,1636
6,30
6,924
6,1955
6,1912
6,956
6,1747
6,1978
6,303
6,2275
6,1447
6,49
6,736
6,1573
6,701
6,80
6,393
6,1843
6,915
6,2225
6,782
6,1688
6,6
6,309
6,185
6,521
6,1155
6,70
6,1369
6,132
6,755
6,2306
6,2039
6,445
6,1664
6,1281
6,448
6,2139
6,1120
6,944
6,1503
6,1151
6,720
6,1661
6,1916
6,1020
6,1243
6,1827
6,1678
6,899
6,532
6,2322
6,1938
6,624
6,264
6,911
6,404
6,944
6,2278
6,1430
6,1086
6,1442
6,1488
6,38
6,2028
6,1376
6,817
6,1411
6,1867
6,2216
6,928
6,2091
6,1477
6,1216
6,909
6,989
6,349
6,1685
6,58
6,1442
6,109
6,1720
6,924
6,2254
6,2344
6,2214
6,58
6,1178
6,1184
6,1229
6,1990
6,1800
6,1374
6,1624
6,1753
6,1810
6,346
6,2275
6,1427
6,1006
6,2073
6,1686
6,867
6,1296
6,877
6,1579
6,2238
6,1260
6,2236
6,1599
6,33
6,900
6,183
6,344
6,1670
6,1915
6,623
6,1730
6,1241
6,1223
6,225
6,542
6,2006
6,2271
6,1215
6,426
6,408
6,2344
6,805
6,1558
6,695
6,1986
6,1991
6,1879
6,886
6,666
6,46
6,216
6,1896
6,807
6,155
6,37
6,447
6,777
6,1639
6,1871
6,44
6,849
6,1107
6,751
6,879
6,817
6,411
6,513
6,1091
6,775
6,189
6,1356
6,693
6,1156
6,1434
6,206
6,984
6,1907
6,1842
6,1363
6,1383
6,893
6,1728
6,1533
6,711
6,2090
6,1275
6,493
6,1841
6,1301
6,132
6,1844
6,42
6,1789
6,2005
6,1258
6,1804
6,14
6,2197
6,1088
6,1312
6,835
6,1344
6,1573
6,1900
6,845
6,2330
6,797
6,1349
6,1721
6,199
6,1538
6,1698
6,2048
6,183
6,812
6,2177
6,936
6,2142
6,2
6,1393
6,1533
6,111
6,1250
6,212
6,2262
6,1010
6,2000
6,1993
6,1363
6,1777
6,806
6,862
6,132
6,1170
6,223
6,1315
6,108
6,2108
6,2174
6,314
6,695
6,1960
6,2003
6,577
6,505
6,2007
6,38
6,2003
6,1722
6,1898
6,1504
6,86
6,212
6,1589
6,453
6,574
6,1826
6,322
6,805
6,569
6,352
6,1205
6,179
6,524
6,922
6,1128
6,2054
6,1044
6,1493
6,1634
6,15
6,2159
6,1080
6,1409
6,1200
6,935
6,2117
6,2193
6,54
6,1536
6,1824
6,1619
6,2038
6,505
6,897
6,1222
6,143
6,1749
6,2331
6,2020
6,112
6,1592
6,430
6,892
6,2118
6,1317
6,1342
6,68
6,1297
6,1088
6,1994
6,913
6,114
6,606
6,458
6,2337
6,1206
6,292
6,318
6,849
6,1762
6,1366
6,2205
6,1037
6,1511
6,1114
6,1816
6,147
6,50
6,2207
6,2276
6,1927
6,1049
6,1935
6,1744
6,2141
6,886
6,1534
6,2100
6,1847
6,205
6,1927
6,1300
6,1753
6,2159
6,1970
6,1006
6,877
6,84
6,102
6,1568
6,1340
6,901
6,630
6,1363
6,685
6,1724
6,287
6,2083
6,570
6,1533
6,111
6,2060
6,868
6,1387
6,2021
6,235
6,1112
6,317
6,599
6,1424
6,1580
6,1340
6,531
6,1586
6,2180
6,1497
6,339
6,1106
6,403
6,1360
6,2135
6,2297
6,1573
6,1615
6,1401
6,1894
6,683
6,792
6,1158
6,959
6,2205
6,1445
6,1525
6,1950
6,194
6,1369
6,737
6,1858
6,1255
6,1949
6,745
6,563
6,1919
6,2131
6,2158
6,1415
6,1531
6,1992
6,1149
6,2118
6,1757
6,2119
6,359
6,668
6,117
6,1024
6,1076
6,1457
6,755
6,510
6,668
6,460
6,12
6,1
6,2115
6,1873
6,834
6,1043
6,2028
6,399
6,17
6,1562
6,321
6,172
6,2146
6,1181
6,636
6,1805
6,1623
6,1159
6,2196
6,1810
6,410
6,386
6,830
6,167
6,346
6,1587
6,1835
6,273
6,1745
6,1600
6,455
6,992
6,1307
6,1142
6,1113
6,1224
6,1399
6,13
6,916
6,231
6,755
6,1396
6,186
6,2120
6,2155
6,778
6,699
6,432
6,1809
6,1771
6,1065
6,1045
6,818
6,587
6,1934
6,1430
6,59
6,1587
6,1607
6,171
6,959
6,1675
6,1012
6,1523
6,359
6,1745
6,1746
6,1656
6,293
6,1081
6,2104
6,976
6,1832
6,737
6,1869
6,2254
6,927
6,36
6,211
6,1451
6,662
6,181
6,2073
6,180
6,862
6,1617
6,199
6,1204
6,930
6,518
6,177
6,1548
6,318
6,2200
6,1664
6,2221
6,622
6,2000
6,437
6,647
6,1657
6,1610
6,1965
6,1012
6,656
6,133
6,1321
6,943
6,396
6,1986
6,784
6,353
6,975
6,331
6,7
6,1105
6,979
6,648
6,779
6,1817
6,1267
6,1484
6,541
6,739
6,695
6,1007
6,1031
6,1653
6,596
6,698
6,397
6,1630
6,968
6,1392
6,1265
6,1985
6,1737
6,755
6,1308
6,1478
6,2021
6,862
6,583
6,1403
6,1428
6,1700
6,1756
6,900
6,1382
6,1949
6,323
6,1192
6,2138
6,77
6,2293
6,682
6,653
6,1137
6,1372
6,315
6,1552
6,4
6,435
6,768
6,1141
6,515
6,1577
6,1063
6,404
6,1698
6,771
6,1533
6,2330
6,323
6,433
6,1064
6,505
6,551
6,835
6,1757
6,2171
6,947
6,1783
6,257
6,1808
6,1142
6,695
6,1508
6,1116
6,370
6,2080
6,629
6,457
6,1435
6,2099
6,1688
6,329
6,1516
6,2103
6,637
6,1728
6,1063
6,2116
6,1073
6,1830
6,2078
6,221
6,270
6,2019
6,1790
6,1331
6,1798
6,1272
6,154
6,1801
6,1325
6,2279
6,1565
6,1828
6,1356
6,2234
6,703
6,708
6,2007
6,2316
6,1600
6,1922
6,2090
6,363
6,476
6,1224
6,2321
6,1926
6,1686
6,2170
6,656
6,1436
6,672
6,2265
6,312
6,328
6,1131
6,439
6,1515
6,1702
6,37
6,267
6,2187
6,1158
6,737
6,773
6,1415
6,1762
6,2332
6,1459
6,1070
6,706
6,15
6,2136
6,748
6,2248
6,2218
6,391
6,1782
6,984
6,1609
6,2037
6,638
6,1131
6,432
6,75
6,730
6,1914
6,695
6,2298
6,1016
6,346
6,1549
6,1028
6,821
6,994
6,295
6,161
6,715
6,2165
6,293
6,679
6,1154
6,1571
6,2272
6,66
6,560
6,212
6,925
6,468
6,118
6,780
6,1438
6,1998
6,1129
6,507
6,322
6,1435
6,2039
6,2210
6,896
6,731
6,2178
6,2321
6,850
6,144
6,1656
6,90
6,455
6,780
6,231
6,2215
6,1558
6,1349
6,175
6,1459
6,1091
6,16
6,368
6,419
6,2334
6,29
6,144
6,1829
6,1691
6,1392
6,319
6,1391
6,1183
6,383
6,1975
6,908
6,1654
6,1531
6,1902
6,1459
6,197
6,1718
6,821
6,126
6,936
6,568
6,2248
6,185
6,2308
6,1054
6,428
6,1114
6,676
6,1977
6,2200
6,1882
6,263
6,1465
6,1188
6,331
6,2117
6,801
6,2261
6,1699
6,616
6,10
6,1921
6,1911
6,51
6,1944
6,1904
6,1075
6,2125
6,1370
6,1276
6,1315
6,60
6,563
6,489
6,895
6,452
6,1607
6,2116
6,1138
6,1254
6,1842
6,1918
6,124
6,1378
6,78
6,138
6,1675
6,1653
6,1836
6,1046
6,1604
6,573
6,204
6,2222
6,25
6,96
6,695
6,1702
6,2253
6,101
6,1685
6,2225
6,1413
6,1736
6,164
6,238
6,1355
6,1876
6,1242
6,1683
6,1341
6,1504
6,1269
6,929
6,382
6,1285
6,2297
6,1808
6,1653
6,358
6,1352
6,1745
6,519
6,1769
6,2129
6,912
6,1779
6,357
6,1568
6,1347
6,2034
6,2009
6,1630
6,746
6,1808
6,276
6,184
6,2059
6,2269
6,1852
6,835
6,2223
6,373
6,29
6,1815
6,1503
6,820
6,1894
6,1378
6,2255
6,181
6,1907
6,141
6,1634
6,2302
6,379
6,712
6,2246
6,1358
6,393
6,281
6,123
6,587
6,2260
6,1150
6,1828
6,2235
6,225
6,203
6,2300
6,1961
6,1808
6,608
6,904
6,1674
6,771
6,476
6,1073
6,1566
6,146
6,2132
6,1434
6,1053
6,1213
6,551
6,205
6,514
6,692
6,959
6,1423
6,1477
6,470
6,1579
6,212
6,903
6,759
6,1528
6,638
6,1741
6,987
6,1744
6,2043
6,492
6,1750
6,894
6,1791
6,1033
6,427
6,1109
6,1316
6,954
6,442
6,403
6,1904
6,1105
6,448
6,783
6,368
6,933
6,1828
6,617
6,759
6,2209
6,82
6,1905
6,1331
6,111
6,1603
6,1104
6,1725
6,499
6,2209
6,1478
6,175
6,1107
6,1207
6,1259
6,2291
6,1374
6,1889
6,2273
6,1756
6,348
6,1514
6,1498
6,1004
6,2265
6,1938
6,341
6,1527
6,1520
6,512
6,2213
6,822
6,898
6,1305
6,733
6,504
6,2076
6,217
6,2090
6,1897
6,156
6,1537
6,829
6,2056
6,471
6,1345
6,1048
6,1243
6,447
6,1817
6,1170
6,639
6,189
6,872
6,1616
6,1678
6,1162
6,338
6,1541
6,2317
6,532
6,1146
6,2065
6,2146
6,2252
6,679
6,1377
6,810
6,746
6,1645
6,542
6,162
6,1186
6,1205
6,1595
6,1225
6,2143
6,1929
6,528
6,1414
6,547
6,380
6,1807
6,646
6,1607
6,1952
6,2044
6,505
6,870
6,294
6,1538
6,2083
6,6
6,2058
6,1669
6,1451
6,557
6,1284
6,100
6,1096
6,488
6,414
6,927
6,306
6,1436
6,307
6,1340
6,395
6,2081
6,1302
6,2208
6,887
6,430
6,1019
6,87
6,1596
6,1935
6,721
6,423
6,1035
6,895
6,2201
6,1622
6,2194
6,982
6,1569
6,1241
6,95
6,2171
6,251
6,312
6,364
6,2308
6,135
6,216
6,229
6,512
6,1871
6,1423
6,1896
6,385
6,164
6,809
6,418
6,1438
6,1076
6,12
6,1880
6,834
6,239
6,1001
6,106
6,1826
6,1150
6,109
6,1747
6,979
6,1584
6,793
6,513
6,809
6,1334
6,315
6,1198
6,1008
6,986
6,1410
6,355
6,992
6,1688
6,2210
6,807
6,83
6,1639
6,1030
6,655
6,330
6,1388
6,254
6,216
6,1485
6,2205
6,1668
6,1644
6,536
6,1457
6,506
6,1767
6,1777
6,1027
6,360
6,1007
6,464
6,1024
6,1396
6,172
6,1287
6,727
6,2002
6,2212
6,817
6,574
6,2096
6,1389
6,2108
6,1512
6,636
6,1574
6,1917
6,198
6,696
6,1312
6,1064
6,516
6,1563
6,919
6,925
6,1375
6,1440
6,745
6,1940
6,1706
6,1391
6,1285
6,810
6,2214
6,1185
6,1433
6,900
6,1044
6,934
6,2167
6,1706
6,948
6,2322
6,793
6,238
6,1826
6,823
6,575
6,1412
6,1167
6,471
6,63
6,794
6,1278
6,1531
6,1419
6,1888
6,872
6,2000
6,1452
6,804
6,2278
6,1700
6,2298
6,1662
6,1970
6,825
6,761
6,311
6,1691
6,950
6,10
6,480
6,294
6,2186
6,954
6,1406
6,1854
6,1569
6,1574
6,250
6,1273
6,1430
6,2285
6,1545
6,852
6,1827
6,1109
6,1375
6,1291
6,473
6,273
6,1654
6,1741
6,220
6,919
6,471
6,225
6,1663
6,1851
6,1506
6,322
6,722
6,2249
6,679
6,1091
6,1824
6,1581
6,23
6,1856
6,878
6,1401
6,131
6,1926
6,1307
6,1005
6,907
6,840
6,1492
6,294
6,2181
6,1237
6,2020
6,396
6,1616
6,1648
6,1961
6,1967
6,1295
6,1128
6,1509
6,1024
6,425
6,1217
6,1699
6,14
6,627
6,847
6,2051
6,796
6,1467
6,250
6,332
6,1764
6,914
6,1591
6,1299
6,174
6,8
6,1240
6,1978
6,138
6,805
6,1318
6,1339
6,2129
6,2240
6,1915
6,1102
6,1452
6,1232
6,1706
6,176
6,1031
6,971
6,1157
6,1377
6,926
6,1313
6,1880
6,1505
6,1202
6,2172
6,1525
6,2006
6,1568
6,1211
6,863
6,1056
6,241
6,1081
6,762
6,135
6,1476
6,877
6,1729
6,2202
6,1865
6,1472
6,933
6,1734
6,1337
6,868
6,1683
6,1362
6,1885
6,1729
6,1780
6,505
6,1375
6,378
6,162
6,195
6,1606
6,1472
6,2284
6,1608
6,1398
6,186
6,974
6,1686
6,831
6,1050
6,1597
6,383
6,106
6,437
6,1509
6,685
6,817
6,1279
6,1542
6,1384
6,1516
6,676
6,1842
6,2125
6,972
6,894
6,964
6,687
6,958
6,1172
6,1118
6,1863
6,2274
6,1437
6,1538
6,427
6,629
6,569
6,477
6,2
6,2317
6,342
6,243
6,2001
6,899
6,78
6,994
6,866
6,1151
6,1788
6,1450
6,2017
6,988
6,573
6,1813
6,33
6,550
6,425
6,509
6,1092
6,779
6,16
6,622
6,241
6,1721
6,2297
6,1040
6,2203
6,541
6,495
6,576
6,1847
6,746
6,2190
6,2074
6,1244
6,1544
6,982
6,1290
6,2059
6,363
6,873
6,644
6,840
6,56
6,2206
6,1211
6,18
6,1970
6,366
6,1254
6,1214
6,1155
6,1596
6,764
6,1694
6,618
6,1168
6,673
6,2102
6,2337
6,754
6,733
6,1694
6,1994
6,1335
6,1796
6,1994
6,2238
6,403
6,2148
6,735
6,504
6,382
6,1630
6,825
6,2338
6,1740
6,1457
6,1323
6,1318
6,2126
6,661
6,184
6,1243
6,2070
6,75
6,246
6,910
6,1257
6,1173
6,1993
6,1719
6,1626
6,1448
6,2143
6,1304
6,668
6,2143
6,1193
6,2337
6,1350
6,2229
6,281
6,379
6,2116
6,1251
6,1249
6,1697
6,949
6,588
6,2317
6,1225
6,2107
6,141
6,1735
6,343
6,678
6,2299
6,412
6,1948
6,1891
6,663
6,1671
6,1380
6,1904
6,75
6,1689
6,998
6,2218
6,675
6,70
6,1447
6,45
6,766
6,182
6,1865
6,1208
6,2078
6,2013
6,1467
6,488
6,940
6,1045
6,1906
6,1045
6,905
6,379
6,1270
6,351
6,315
6,1529
6,1923
6,372
6,605
6,1277
6,2168
6,701
6,255
6,1501
6,1991
6,1682
6,194
6,923
6,1917
6,1540
6,1838
6,1712
6,2170
6,1962
6,58
6,1047
6,1480
6,1602
6,1218
6,380
6,1123
6,734
6,1830
6,1952
6,1838
6,1950
6,301
6,1140
6,991
6,1484
6,1838
6,1988
6,169
6,827
6,1366
6,883
6,1481
6,2282
6,2082
6,559
6,2058
6,2338
6,1860
6,1988
6,59
6,1065
6,175
6,268
6,1238
6,1939
6,930
6,294
6,310
6,822
6,107
6,1844
6,1211
6,1359
6,2303
6,152
6,1929
6,119
6,1925
6,2293
6,1739
6,147
6,1216
6,230
6,1188
6,458
6,1337
6,442
6,1833
6,2120
6,1288
6,69
6,1281
6,236
6,1089
6,134
6,1038
6,298
6,1718
6,291
6,2176
6,89
6,665
6,2156
6,1756
6,2280
6,575
6,656
6,1694
6,1066
6,1224
6,2328
6,564
6,352
6,1417
6,1394
6,1304
6,787
6,1809
6,441
6,854
6,917
6,1620
6,1994
6,942
6,1704
6,1168
6,2001
6,2256
6,1552
6,766
6,958
6,588
6,2129
6,453
6,942
6,324
6,712
6,1638
6,995
6,1794
6,781
6,1299
6,830
6,1058
6,1740
6,1720
6,568
6,883
6,1841
6,1026
6,1054
6,2110
6,1174
6,1680
6,1381
6,1190
6,2049
6,353
6,1933
6,593
6,446
6,1364
6,1587
6,72
6,1237
6,1279
6,971
6,66
6,1636
6,1347
6,386
6,453
6,1120
6,461
6,2343
6,1787
6,1753
6,1058
6,661
6,1680
6,2009
6,1174
6,2014
6,1878
6,1678
6,2291
6,652
6,2044
6,1454
6,402
6,2342
6,13
6,2291
6,1750
6,1656
6,1877
6,2053
6,1371
6,2041
6,463
6,1223
6,73
6,417
6,2237
6,16
6,2152
6,1628
6,1353
6,385
6,1459
6,446
6,2274
6,243
6,587
6,846
6,2123
6,1385
6,2278
6,1266
6,696
6,1936
6,1329
6,919
6,755
6,784
6,1859
6,124
6,2241
6,991
6,1662
6,1300
6,969
6,2158
6,1515
6,1244
6,387
6,758
6,1788
6,2042
6,1206
6,2291
6,777
6,1029
6,722
6,1172
6,471
6,63
6,2142
6,632
6,1440
6,2204
6,1996
6,932
6,2273
6,1210
6,2237
6,2311
6,582
6,1170
6,303
6,1737
6,961
6,861
6,2061
6,306
6,2196
6,203
6,522
6,3
6,2308
6,2013
6,246
6,2176
6,444
6,779
6,2293
6,752
6,1162
6,892
6,1034
6,687
6,875
6,2225
6,1827
6,1350
6,912
6,2024
6,1702
6,127
6,1502
6,2320
6,1671
6,1822
6,1274
6,48
6,960
6,1157
6,495
6,1256
6,2066
6,530
6,1257
6,2319
6,2259
6,1023
6,434
6,1999
6,2010
6,1915
6,706
6,406
6,150
6,1671
6,1352
6,2288
6,2319
6,1519
6,1726
6,1925
6,235
6,2326
6,2344
6,2279
6,2280
6,2085
6,1055
6,339
6,132
6,1375
6,705
6,282
6,1004
6,1870
6,703
6,2226
6,1140
6,2306
6,990
6,2219
6,217
6,774
6,1003
6,1927
6,1685
6,138
6,911
6,624
6,1207
6,1160
6,1736
6,2318
6,589
6,1684
6,1970
6,1775
6,839
6,77
6,2004
6,2335
6,2303
6,1426
6,1635
6,2345
6,2006
6,390
6,318
6,1631
6,1418
6,1392
6,1118
6,404
6,1890
6,2273
6,1772
6,564
6,1752
6,2285
6,455
6,872
6,1260
6,996
6,1749
6,851
6,465
6,949
6,626
6,1536
6,308
6,1867
6,1477
6,388
6,890
6,2195
6,2207
6,1231
6,1347
6,1660
6,1795
6,875
6,148
6,1614
6,186
6,776
6,157
6,710
6,804
6,1022
6,718
6,96
6,1352
6,1725
6,1177
6,1232
6,2125
6,443
6,2182
6,907
6,1554
6,122
6,2137
6,1135
6,900
6,1529
6,1446
6,876
6,317
6,608
6,711
6,1227
6,1813
6,1094
6,615
6,55
6,1953
6,1178
6,2103
6,1455
6,2227
6,424
6,79
6,2038
6,1388
6,872
6,506
6,1051
6,1201
6,47
6,80
6,592
6,1938
6,686
6,1541
6,1145
6,2111
6,853
6,817
6,950
6,418
6,1235
6,706
6,134
6,1721
6,1852
6,1028
6,1290
6,2021
6,37
6,1884
6,207
6,856
6,1702
6,33
6,561
6,546
6,897
6,281
6,578
6,901
6,402
6,1603
6,2207
6,1485
6,1530
6,419
6,317
6,672
6,2008
6,1750
6,2330
6,1373
6,1084
6,706
6,1859
6,155
6,699
6,1998
6,700
6,1704
6,1873
6,1042
6,780
6,310
6,1365
6,1839
6,2216
6,1118
6,987
6,575
6,295
6,1626
6,541
6,2302
6,1425
6,1950
6,422
6,139
6,2255
6,445
6,1180
6,1482
6,1276
6,1920
6,1751
6,826
6,1802
6,2272
6,910
6,1714
6,214
6,1123
6,1910
6,1402
6,27
6,784
6,1503
6,1249
6,769
6,837
6,120
6,1454
6,1224
6,105
6,1945
6,928
6,1448
6,638
6,631
6,1674
6,2329
6,619
6,795
